{"type":"FeatureCollection","features":[{"type":"Feature","properties":{"name":"Andaman Nicobar"},"geometry":{"type":"MultiPolygon","coordinates":[[[[93.787727,6.85264],[93.78849,6.852571],[93.789047,6.852571],[93.789047,6.852291],[93.787727,6.85264]]],[[[93.719582,7.207501],[93.719582,7.20687],[93.719307,7.20646],[93.718819,7.206391],[93.719582,7.207501]]],[[[93.848053,7.24028],[93.947807,6.998874],[93.902138,6.812967],[93.828316,6.754256],[93.745277,6.961945],[93.663033,7.006646],[93.655563,7.125281],[93.848053,7.24028]]],[[[93.848747,7.289869],[93.848679,7.289457],[93.847847,7.288832],[93.846947,7.288139],[93.848747,7.289869]]],[[[93.663696,7.384032],[93.663734,7.383797],[93.664108,7.383801],[93.66423,7.383767],[93.663696,7.384032]]],[[[93.768608,7.402219],[93.771111,7.399721],[93.771667,7.399721],[93.771942,7.399445],[93.768608,7.402219]]],[[[93.689445,7.409722],[93.68972,7.409444],[93.690002,7.409444],[93.690277,7.409166],[93.689445,7.409722]]],[[[93.713058,7.443611],[93.755745,7.359843],[93.648331,7.2425],[93.6325,7.370555],[93.713058,7.443611]]],[[[93.647781,7.476669],[93.648056,7.476391],[93.648888,7.476391],[93.64917,7.476111],[93.647781,7.476669]]],[[[93.634453,7.477782],[93.63472,7.477501],[93.634453,7.477221],[93.634445,7.476667],[93.634453,7.477782]]],[[[93.543602,7.525001],[93.54583,7.522781],[93.54583,7.522501],[93.546936,7.521391],[93.543602,7.525001]]],[[[93.34156,7.90646],[93.341599,7.90592],[93.342155,7.905945],[93.34214,7.905625],[93.34156,7.90646]]],[[[93.33963,7.91115],[93.339653,7.91087],[93.340187,7.910872],[93.340195,7.909732],[93.33963,7.91115]]],[[[93.379997,8.024722],[93.46167,7.872222],[93.317223,7.933611],[93.379997,8.024722]]],[[[93.547287,8.028052],[93.577499,7.928333],[93.507233,7.984721],[93.547287,8.028052]]],[[[93.578613,8.125279],[93.579407,8.12484],[93.579819,8.124913],[93.580307,8.124983],[93.578613,8.125279]]],[[[93.526489,8.231271],[93.550278,8.036111],[93.500832,7.997219],[93.529861,8.07868],[93.485001,8.051944],[93.453888,8.173611],[93.526489,8.231271]]],[[[93.235283,8.26556],[93.235832,8.265],[93.236389,8.265],[93.237503,8.26389],[93.235283,8.26556]]],[[[93.126274,8.355864],[93.199448,8.193891],[93.087219,8.269444],[93.126274,8.355864]]],[[[93.652496,8.394445],[93.653053,8.393889],[93.653053,8.393611],[93.653336,8.393333],[93.652496,8.394445]]],[[[93.634918,8.394644],[93.634644,8.394644],[93.633949,8.394922],[93.633873,8.395615],[93.634918,8.394644]]],[[[93.043892,8.473333],[93.043892,8.473055],[93.044182,8.47306],[93.045563,8.471669],[93.043892,8.473333]]],[[[93.611877,8.484542],[93.611473,8.484471],[93.610832,8.485],[93.610832,8.485278],[93.611877,8.484542]]],[[[93.615997,8.573626],[93.617111,8.57245],[93.617943,8.571131],[93.618011,8.569467],[93.615997,8.573626]]],[[[93.609444,8.581667],[93.609444,8.581389],[93.609169,8.581111],[93.609169,8.579999],[93.609444,8.581667]]],[[[92.859169,8.820131],[92.858887,8.81993],[92.85833,8.819723],[92.857361,8.819235],[92.859169,8.820131]]],[[[92.793327,9.118891],[92.793327,9.118611],[92.794441,9.118611],[92.794441,9.118333],[92.793327,9.118891]]],[[[92.804169,9.120833],[92.804169,9.120277],[92.804443,9.120279],[92.804443,9.120001],[92.804169,9.120833]]],[[[92.814163,9.126944],[92.814163,9.126388],[92.814453,9.12639],[92.814453,9.126112],[92.814163,9.126944]]],[[[92.787781,9.244166],[92.854362,9.209159],[92.830551,9.138695],[92.731667,9.124377],[92.720833,9.21361],[92.787781,9.244166]]],[[[92.515831,10.897641],[92.587708,10.786945],[92.569443,10.57889],[92.513054,10.511667],[92.385277,10.532222],[92.376114,10.781667],[92.515831,10.897641]]],[[[92.608887,10.93861],[92.609169,10.938335],[92.610001,10.938335],[92.610275,10.938057],[92.608887,10.93861]]],[[[92.226738,10.98229],[92.227364,10.982222],[92.227776,10.982222],[92.228058,10.982222],[92.226738,10.98229]]],[[[92.663353,10.9818],[92.661942,10.981392],[92.661667,10.98167],[92.661392,10.98167],[92.663353,10.9818]]],[[[92.725662,11.144218],[92.725761,11.144159],[92.725899,11.143815],[92.725899,11.143468],[92.725662,11.144218]]],[[[92.731941,11.149731],[92.732498,11.149171],[92.73278,11.149171],[92.73333,11.148612],[92.731941,11.149731]]],[[[92.676941,11.183611],[92.677498,11.183057],[92.678047,11.183061],[92.678337,11.182781],[92.676941,11.183611]]],[[[92.705978,11.289166],[92.70639,11.28833],[92.706596,11.287637],[92.706947,11.287359],[92.705978,11.289166]]],[[[92.700546,11.31139],[92.701668,11.31028],[92.701668,11.31],[92.702919,11.30868],[92.700546,11.31139]]],[[[92.723053,11.316388],[92.722778,11.31611],[92.722778,11.315832],[92.72139,11.314444],[92.723053,11.316388]]],[[[92.548332,11.393029],[92.548019,11.392869],[92.547493,11.393118],[92.546967,11.393567],[92.548332,11.393029]]],[[[92.557579,11.390937],[92.557243,11.390221],[92.556831,11.39023],[92.555641,11.390941],[92.557579,11.390937]]],[[[92.673462,11.48752],[92.673172,11.487356],[92.672592,11.48733],[92.671936,11.48736],[92.673462,11.48752]]],[[[92.610489,11.50405],[92.610214,11.503927],[92.60981,11.50408],[92.609413,11.504239],[92.610489,11.50405]]],[[[92.644447,11.51303],[92.644051,11.51303],[92.643822,11.513167],[92.643684,11.513306],[92.644447,11.51303]]],[[[92.641457,11.51014],[92.690872,11.37034],[92.600296,11.346521],[92.641457,11.51014]]],[[[92.271797,11.515991],[92.270683,11.515988],[92.270538,11.516191],[92.270401,11.516469],[92.271797,11.515991]]],[[[92.604652,11.534582],[92.604652,11.534306],[92.605209,11.534306],[92.605209,11.534582],[92.604652,11.534582]]],[[[92.560356,11.537991],[92.560516,11.537581],[92.560547,11.537111],[92.560547,11.53661],[92.560356,11.537991]]],[[[92.627975,11.542162],[92.627419,11.542162],[92.627068,11.542711],[92.626793,11.543267],[92.627975,11.542162]]],[[[92.610001,11.558889],[92.610207,11.558749],[92.610764,11.559372],[92.611664,11.560694],[92.610001,11.558889]]],[[[92.574516,11.562572],[92.573677,11.562572],[92.573677,11.562847],[92.573402,11.563125],[92.574516,11.562572]]],[[[92.567513,11.570818],[92.567726,11.570539],[92.567657,11.570127],[92.567513,11.56999],[92.567513,11.570818]]],[[[92.597183,11.54167],[92.596977,11.54128],[92.596947,11.540851],[92.596947,11.540421],[92.597183,11.54167]]],[[[92.578262,11.581805],[92.578056,11.581666],[92.577713,11.583191],[92.576599,11.584859],[92.578262,11.581805]]],[[[92.611023,11.58826],[92.611397,11.58802],[92.61171,11.587622],[92.611786,11.58717],[92.611023,11.58826]]],[[[92.218933,11.592323],[92.269829,11.522507],[92.214546,11.529451],[92.218933,11.592323]]],[[[92.539757,11.60332],[92.540039,11.603256],[92.540916,11.603313],[92.541328,11.603129],[92.539757,11.60332]]],[[[92.69957,11.664451],[92.699936,11.664237],[92.70031,11.66402],[92.700706,11.663845],[92.69957,11.664451]]],[[[92.762253,11.6697],[92.76178,11.669552],[92.761047,11.669839],[92.761124,11.670539],[92.762253,11.6697]]],[[[92.724983,11.689121],[92.725464,11.688772],[92.725861,11.688811],[92.726151,11.68848],[92.724983,11.689121]]],[[[92.550919,11.72124],[92.550697,11.72124],[92.550362,11.721439],[92.550011,11.721851],[92.550919,11.72124]]],[[[93.082977,11.77968],[93.082443,11.77929],[93.081818,11.77908],[93.081459,11.77916],[93.082977,11.77968]]],[[[93.020836,11.843331],[93.021111,11.843056],[93.021667,11.84306],[93.022499,11.842219],[93.020836,11.843331]]],[[[92.596947,11.90529],[92.59639,11.90529],[92.59639,11.905561],[92.595833,11.906113],[92.596947,11.90529]]],[[[92.565659,11.949772],[92.566101,11.94956],[92.566597,11.949601],[92.567146,11.950022],[92.565659,11.949772]]],[[[92.732437,11.954223],[92.732193,11.953901],[92.73188,11.95355],[92.731522,11.953199],[92.732437,11.954223]]],[[[92.74308,11.964511],[92.742775,11.964449],[92.742332,11.964547],[92.741692,11.964953],[92.74308,11.964511]]],[[[92.750137,11.96834],[92.750488,11.967991],[92.750702,11.967991],[92.751961,11.96785],[92.750137,11.96834]]],[[[92.596107,11.976109],[92.597221,11.974999],[92.597221,11.974441],[92.596939,11.974168],[92.596107,11.976109]]],[[[92.582756,11.975982],[92.582382,11.97572],[92.582115,11.975943],[92.581757,11.976301],[92.582756,11.975982]]],[[[92.776047,12.01771],[92.776489,12.01715],[92.776848,12.01668],[92.776886,12.016211],[92.776047,12.01771]]],[[[92.969536,12.03368],[93.042671,11.882261],[92.925537,11.99579],[92.969536,12.03368]]],[[[92.969826,12.064007],[92.969742,12.063945],[92.969513,12.06415],[92.969536,12.064357],[92.969826,12.064007]]],[[[92.991364,12.108928],[92.991547,12.108071],[92.992149,12.107235],[92.992569,12.106961],[92.991364,12.108928]]],[[[92.993881,12.10994],[92.993057,12.10994],[92.992462,12.110531],[92.992493,12.11164],[92.993881,12.10994]]],[[[92.742851,12.115],[92.742867,12.11472],[92.743156,12.11472],[92.743156,12.113899],[92.742851,12.115]]],[[[92.948631,12.115841],[92.948906,12.115262],[92.949127,12.115262],[92.949196,12.114442],[92.948631,12.115841]]],[[[92.628845,12.112456],[92.628212,12.112201],[92.628006,12.11244],[92.628021,12.11275],[92.628845,12.112456]]],[[[92.630623,12.11791],[92.630508,12.11791],[92.630196,12.117997],[92.630135,12.118223],[92.630623,12.11791]]],[[[93.097931,12.137192],[93.098,12.136953],[93.098213,12.136953],[93.098213,12.136643],[93.097931,12.137192]]],[[[93.120529,12.14835],[93.120529,12.148002],[93.120216,12.148004],[93.120216,12.147762],[93.120529,12.14835]]],[[[92.845848,12.147562],[92.845528,12.147521],[92.845016,12.147569],[92.844437,12.147851],[92.845848,12.147562]]],[[[93.027779,12.156941],[93.045525,12.04537],[92.955605,12.142192],[93.027779,12.156941]]],[[[92.758957,12.181311],[92.759277,12.180801],[92.760597,12.180821],[92.760719,12.180603],[92.758957,12.181311]]],[[[92.720291,12.180438],[92.720001,12.18027],[92.719872,12.180169],[92.719826,12.180113],[92.720291,12.180438]]],[[[92.731377,12.187581],[92.731194,12.18744],[92.731239,12.186622],[92.730949,12.186622],[92.731377,12.187581]]],[[[93.068604,12.211334],[93.070213,12.211264],[93.070251,12.210988],[93.070557,12.210819],[93.068604,12.211334]]],[[[92.683029,12.214901],[92.682877,12.214721],[92.682198,12.214842],[92.681793,12.215052],[92.683029,12.214901]]],[[[93.01989,12.22516],[93.020309,12.22495],[93.020943,12.225023],[93.021011,12.224747],[93.01989,12.22516]]],[[[92.93898,12.223861],[92.939163,12.223329],[92.93969,12.22278],[92.939987,12.222381],[92.93898,12.223861]]],[[[92.700867,12.235609],[92.783607,12.04694],[92.679947,11.818801],[92.746254,11.931821],[92.788551,11.901219],[92.755074,11.701056],[92.666206,11.653901],[92.756653,11.665071],[92.711281,11.477318],[92.617859,11.56282],[92.644386,11.63629],[92.513519,11.848001],[92.562401,11.946474],[92.611046,11.87126],[92.623611,12.102781],[92.700867,12.235609]]],[[[92.730614,12.242454],[92.730927,12.241893],[92.731476,12.241893],[92.731476,12.24164],[92.730614,12.242454]]],[[[92.880547,12.25],[92.880836,12.24972],[92.881111,12.249722],[92.881943,12.24889],[92.880547,12.25]]],[[[92.866463,12.235621],[92.866211,12.235511],[92.865654,12.235812],[92.865089,12.23635],[92.866463,12.235621]]],[[[92.698906,12.244838],[92.698601,12.244731],[92.69825,12.244815],[92.697777,12.245011],[92.698906,12.244838]]],[[[92.901672,12.25585],[92.901939,12.255522],[92.902153,12.255151],[92.90226,12.254711],[92.901672,12.25585]]],[[[93.077774,12.261945],[93.078056,12.261667],[93.078331,12.261671],[93.078613,12.261391],[93.077774,12.261945]]],[[[92.901436,12.262152],[92.901413,12.259071],[92.900826,12.258556],[92.900299,12.258615],[92.901436,12.262152]]],[[[92.73761,12.271333],[92.737297,12.270731],[92.737038,12.270736],[92.737038,12.270457],[92.73761,12.271333]]],[[[93.029663,12.280171],[93.029976,12.279816],[93.030296,12.279651],[93.030441,12.279289],[93.029663,12.280171]]],[[[92.750084,12.287695],[92.750061,12.286876],[92.74984,12.286881],[92.749817,12.28604],[92.750084,12.287695]]],[[[92.737061,12.285181],[92.736801,12.2849],[92.736763,12.281851],[92.736229,12.281846],[92.737061,12.285181]]],[[[92.766739,12.270321],[92.766617,12.269881],[92.766396,12.269505],[92.76619,12.269136],[92.766739,12.270321]]],[[[92.754448,12.294723],[92.754723,12.294443],[92.754997,12.294443],[92.754997,12.293611],[92.754448,12.294723]]],[[[92.771187,12.294924],[92.77121,12.293506],[92.771492,12.29355],[92.771439,12.292959],[92.771187,12.294924]]],[[[92.878059,12.29365],[92.877747,12.293641],[92.877327,12.29383],[92.876961,12.29424],[92.878059,12.29365]]],[[[92.711418,12.29607],[92.712051,12.295981],[92.712723,12.296032],[92.713333,12.295852],[92.711418,12.29607]]],[[[92.765907,12.29907],[92.76593,12.29852],[92.765625,12.298541],[92.765663,12.298003],[92.765907,12.29907]]],[[[92.941399,12.280802],[92.941658,12.280331],[92.941933,12.279891],[92.942146,12.279471],[92.941399,12.280802]]],[[[92.776573,12.310281],[92.889313,12.265942],[92.764679,12.06332],[92.776573,12.310281]]],[[[93.072563,12.319044],[93.072594,12.318319],[93.072876,12.318151],[93.073189,12.317909],[93.072563,12.319044]]],[[[93.839699,12.32082],[93.880699,12.236642],[93.826683,12.24486],[93.839699,12.32082]]],[[[92.912781,12.331666],[92.912224,12.331666],[92.911667,12.332222],[92.911682,12.332491],[92.912781,12.331666]]],[[[92.905937,12.338508],[92.905739,12.338351],[92.905464,12.338453],[92.905075,12.338761],[92.905937,12.338508]]],[[[92.911736,12.337952],[92.911049,12.337694],[92.910721,12.337731],[92.9104,12.337881],[92.911736,12.337952]]],[[[92.896935,12.392077],[92.896713,12.39197],[92.896393,12.39204],[92.89592,12.39233],[92.896935,12.392077]]],[[[92.852905,12.408831],[92.853302,12.408753],[92.854057,12.408881],[92.854637,12.40879],[92.852905,12.408831]]],[[[92.89917,12.4075],[92.898613,12.4075],[92.898613,12.407771],[92.897499,12.40889],[92.89917,12.4075]]],[[[92.889351,12.412851],[92.889137,12.412571],[92.889,12.41271],[92.888786,12.412988],[92.889351,12.412851]]],[[[92.865875,12.421003],[92.865898,12.420687],[92.867516,12.420723],[92.867546,12.42045],[92.865875,12.421003]]],[[[92.903236,12.42019],[92.902885,12.42008],[92.902481,12.42024],[92.902,12.420372],[92.903236,12.42019]]],[[[92.831734,12.426822],[92.832779,12.426667],[92.833611,12.426672],[92.833893,12.426391],[92.831734,12.426822]]],[[[92.95536,12.41469],[92.955017,12.414191],[92.954727,12.413699],[92.954437,12.413241],[92.95536,12.41469]]],[[[92.875031,12.445083],[92.875381,12.444811],[92.875656,12.444811],[92.87587,12.444741],[92.875031,12.445083]]],[[[92.679459,12.541128],[92.679886,12.541112],[92.680321,12.541112],[92.680733,12.541112],[92.679459,12.541128]]],[[[92.702423,12.63787],[92.702042,12.637831],[92.701607,12.638091],[92.701218,12.638531],[92.702423,12.63787]]],[[[92.731445,12.703124],[92.731453,12.702591],[92.730873,12.702591],[92.730881,12.70293],[92.731445,12.703124]]],[[[92.724258,12.73673],[92.724251,12.735891],[92.726219,12.735909],[92.726158,12.736212],[92.724258,12.73673]]],[[[92.7267,12.75138],[92.726532,12.75138],[92.726234,12.751467],[92.725983,12.75169],[92.7267,12.75138]]],[[[92.655846,12.768959],[92.655647,12.768882],[92.655373,12.768936],[92.655037,12.76931],[92.655846,12.768959]]],[[[92.717079,12.77478],[92.716248,12.77478],[92.716232,12.775311],[92.71563,12.775651],[92.717079,12.77478]]],[[[92.724998,12.761666],[92.724442,12.761666],[92.724442,12.761942],[92.722778,12.763612],[92.724998,12.761666]]],[[[92.716187,12.797293],[92.716209,12.796735],[92.716515,12.796735],[92.716515,12.795896],[92.716187,12.797293]]],[[[92.716766,12.800591],[92.716766,12.800072],[92.717041,12.800072],[92.717041,12.798693],[92.716766,12.800591]]],[[[92.717606,12.803103],[92.717041,12.80256],[92.715965,12.802585],[92.715904,12.803123],[92.717606,12.803103]]],[[[92.710968,12.82903],[92.71122,12.82893],[92.711525,12.829019],[92.711929,12.829183],[92.710968,12.82903]]],[[[92.727631,12.836472],[92.727631,12.835888],[92.727867,12.835911],[92.727882,12.83533],[92.727631,12.836472]]],[[[92.731781,12.85643],[92.731781,12.855869],[92.731476,12.855881],[92.731476,12.85532],[92.731781,12.85643]]],[[[92.728615,12.864446],[92.728615,12.862777],[92.728889,12.862777],[92.728889,12.863334],[92.728615,12.864446]]],[[[92.778564,12.864758],[92.778427,12.86466],[92.778099,12.864655],[92.777939,12.864674],[92.778564,12.864758]]],[[[92.765472,12.854721],[92.76506,12.854641],[92.764526,12.85481],[92.76403,12.855051],[92.765472,12.854721]]],[[[92.759598,12.87759],[92.760101,12.877569],[92.76004,12.877811],[92.760323,12.87779],[92.759598,12.87759]]],[[[92.785553,12.893334],[92.785835,12.893056],[92.786392,12.89306],[92.786667,12.89278],[92.785553,12.893334]]],[[[92.893707,12.898564],[92.893806,12.898501],[92.893936,12.898503],[92.893913,12.898254],[92.893707,12.898564]]],[[[92.755081,12.912811],[92.755058,12.912253],[92.755386,12.912253],[92.755402,12.911414],[92.755081,12.912811]]],[[[92.864761,12.912481],[92.864212,12.912481],[92.864212,12.912761],[92.863075,12.913648],[92.864761,12.912481]]],[[[92.794983,12.911259],[92.79525,12.91084],[92.795563,12.910443],[92.795921,12.910038],[92.794983,12.911259]]],[[[92.913078,12.91729],[92.912003,12.91641],[92.912003,12.914181],[92.9123,12.914181],[92.913078,12.91729]]],[[[92.76815,12.917541],[92.76815,12.916419],[92.767563,12.916421],[92.76754,12.91675],[92.76815,12.917541]]],[[[92.935318,12.91809],[92.935341,12.9178],[92.935852,12.9178],[92.936386,12.91729],[92.935318,12.91809]]],[[[92.767021,12.924702],[92.766983,12.92392],[92.767296,12.92392],[92.767357,12.9234],[92.767021,12.924702]]],[[[92.898888,12.915831],[92.980515,12.709729],[92.968422,12.496669],[92.914528,12.405893],[92.834679,12.494781],[92.899017,12.415629],[92.7911,12.469722],[92.895119,12.320345],[92.720436,12.30031],[92.684486,12.608141],[92.753326,12.670781],[92.785431,12.619247],[92.788643,12.67448],[92.732887,12.674411],[92.723915,12.827084],[92.760834,12.859445],[92.782219,12.807499],[92.791908,12.889854],[92.898888,12.915831]]],[[[92.7742,12.931133],[92.774567,12.930573],[92.775604,12.930573],[92.775642,12.928638],[92.7742,12.931133]]],[[[92.877022,12.932061],[92.877228,12.931671],[92.877472,12.931354],[92.877731,12.931042],[92.877022,12.932061]]],[[[92.765617,12.932524],[92.765663,12.931425],[92.765907,12.93143],[92.765953,12.92975],[92.765617,12.932524]]],[[[92.892776,12.937221],[92.89283,12.936421],[92.891701,12.936423],[92.891411,12.93561],[92.892776,12.937221]]],[[[92.901428,12.94115],[92.901688,12.94084],[92.90226,12.94089],[92.902283,12.940291],[92.901428,12.94115]]],[[[92.671509,12.948341],[92.67009,12.9483],[92.670067,12.94948],[92.672302,12.94943],[92.671509,12.948341]]],[[[92.668953,12.95335],[92.668953,12.95307],[92.669456,12.9531],[92.669792,12.952801],[92.668953,12.95335]]],[[[92.695656,12.991959],[92.668159,12.782572],[92.629883,12.882731],[92.695656,12.991959]]],[[[93.006737,12.9969],[93.006737,12.996141],[93.006454,12.995868],[93.006523,12.99525],[93.006737,12.9969]]],[[[92.988052,12.998051],[92.988075,12.997798],[92.987541,12.997798],[92.987541,12.998051],[92.988052,12.998051]]],[[[92.912498,13.0025],[92.911682,13.0025],[92.911667,13.002778],[92.910843,13.003601],[92.912498,13.0025]]],[[[92.949722,13.021111],[92.948608,13.021111],[92.948608,13.021667],[92.948059,13.022221],[92.949722,13.021111]]],[[[92.926392,13.024168],[92.926392,13.023331],[92.926941,13.023331],[92.926941,13.023612],[92.926392,13.024168]]],[[[92.91861,13.040001],[92.916656,13.040001],[92.915001,13.041667],[92.914864,13.041945],[92.91861,13.040001]]],[[[92.933609,13.049443],[92.933334,13.049443],[92.933052,13.049724],[92.932915,13.049863],[92.933609,13.049443]]],[[[92.916817,13.057892],[92.91613,13.057892],[92.915993,13.058102],[92.915848,13.05851],[92.916817,13.057892]]],[[[92.730553,13.095691],[92.73069,13.09555],[92.73111,13.095562],[92.731667,13.095001],[92.730553,13.095691]]],[[[92.71917,13.098891],[92.720276,13.097779],[92.720558,13.097499],[92.721107,13.096391],[92.71917,13.098891]]],[[[92.794998,13.17111],[92.79528,13.170835],[92.79583,13.170835],[92.796112,13.170554],[92.794998,13.17111]]],[[[93.061386,13.221388],[93.060966,13.220691],[93.059906,13.220971],[93.0597,13.221042],[93.061386,13.221388]]],[[[93.01667,13.284167],[93.015831,13.28333],[93.015198,13.283333],[93.014915,13.283472],[93.01667,13.284167]]],[[[93.074509,13.303334],[93.074997,13.303056],[93.075546,13.303061],[93.076111,13.3025],[93.074509,13.303334]]],[[[93.018677,13.329631],[93.018684,13.329346],[93.018883,13.329351],[93.01889,13.32908],[93.018677,13.329631]]],[[[92.968063,13.3325],[92.967499,13.3325],[92.967499,13.332781],[92.967224,13.333057],[92.968063,13.3325]]],[[[93.016113,13.339089],[93.016113,13.33834],[93.016121,13.337932],[93.0158,13.337932],[93.016113,13.339089]]],[[[93.037498,13.340562],[93.036942,13.340562],[93.03688,13.34084],[93.036804,13.341667],[93.037498,13.340562]]],[[[93.07724,13.364816],[93.077293,13.364725],[93.077858,13.364725],[93.07814,13.364518],[93.07724,13.364816]]],[[[93.082573,13.366872],[93.082222,13.366872],[93.081673,13.367221],[93.080971,13.368055],[93.082573,13.366872]]],[[[93.062317,13.383298],[93.062172,13.38302],[93.061966,13.38309],[93.061752,13.383227],[93.062317,13.383298]]],[[[92.865837,13.41361],[92.866112,13.413332],[92.866386,13.413332],[92.866669,13.413057],[92.865837,13.41361]]],[[[92.813057,13.419723],[92.813614,13.419167],[92.813889,13.419181],[92.814163,13.418891],[92.813057,13.419723]]],[[[93.09449,13.417631],[93.094627,13.41756],[93.09491,13.41756],[93.095192,13.41777],[93.09449,13.417631]]],[[[93.072052,13.426082],[93.071983,13.425808],[93.071632,13.425811],[93.071503,13.425672],[93.072052,13.426082]]],[[[93.099022,13.435761],[93.099579,13.43549],[93.100563,13.435625],[93.101669,13.435556],[93.099022,13.435761]]],[[[92.84333,13.440832],[92.84333,13.44],[92.843613,13.43972],[92.843613,13.438334],[92.84333,13.440832]]],[[[94.273331,13.464444],[94.273331,13.464166],[94.273613,13.46389],[94.273613,13.463061],[94.273331,13.464444]]],[[[92.874443,13.51221],[92.874443,13.511944],[92.873055,13.510556],[92.873199,13.510419],[92.874443,13.51221]]],[[[92.918892,13.51557],[92.919167,13.515283],[92.919441,13.515283],[92.919716,13.515],[92.918892,13.51557]]],[[[92.910004,13.537222],[92.911942,13.535277],[92.911942,13.534999],[92.912498,13.534441],[92.910004,13.537222]]],[[[92.875,13.540834],[92.876389,13.539444],[92.876953,13.539451],[92.878609,13.53778],[92.875,13.540834]]],[[[93.007858,13.555363],[93.007584,13.555295],[93.007233,13.5553],[93.006813,13.555229],[93.007858,13.555363]]],[[[93.057343,13.566251],[93.057343,13.565909],[93.05748,13.565572],[93.057411,13.565291],[93.057343,13.566251]]],[[[93.029442,13.573334],[93.021111,13.431121],[93.070831,13.40611],[93.02829,13.373181],[93.090591,13.335933],[92.950539,13.343901],[93.066673,13.2725],[93.034882,13.080991],[92.974617,13.012861],[92.936676,13.084713],[92.89431,13.056531],[92.938522,12.971276],[92.882301,12.982724],[92.841713,12.87663],[92.78833,13.019172],[92.847496,13.139159],[92.843063,13.402222],[92.917503,13.53639],[93.029442,13.573334]]],[[[92.896942,13.601671],[92.897217,13.601393],[92.897781,13.601393],[92.898331,13.60083],[92.896942,13.601671]]],[[[93.063889,13.654166],[93.06472,13.65333],[93.065765,13.653127],[93.067497,13.651461],[93.063889,13.654166]]],[[[93.023613,13.670861],[93.023117,13.670861],[93.022919,13.67128],[93.023117,13.67162],[93.023613,13.670861]]],[[[93.015831,13.676112],[93.027779,13.62694],[92.976669,13.655],[93.015831,13.676112]]],[[[93.224426,14.015831],[93.226669,14.013885],[93.227089,14.013262],[93.227158,14.012079],[93.224426,14.015831]]],[[[93.366669,14.0475],[93.366119,14.046939],[93.366112,14.046668],[93.365837,14.04667],[93.366669,14.0475]]],[[[93.383606,14.12778],[93.383606,14.12736],[93.383194,14.127078],[93.382233,14.127219],[93.383606,14.12778]]],[[[93.366249,14.156381],[93.366386,14.156112],[93.366943,14.15556],[93.366943,14.155282],[93.366249,14.156381]]],[[[93.356941,14.1925],[93.357224,14.192222],[93.357498,14.192222],[93.358131,14.192081],[93.356941,14.1925]]],[[[93.370277,14.193335],[93.370552,14.193054],[93.371109,14.193061],[93.371948,14.19222],[93.370277,14.193335]]],[[[93.550552,14.78392],[93.550133,14.78392],[93.549782,14.784132],[93.549286,14.785089],[93.550552,14.78392]]],[[[93.570831,14.846321],[93.570557,14.846182],[93.570213,14.846241],[93.569862,14.846658],[93.570831,14.846321]]],[[[93.57222,14.859444],[93.571663,14.858888],[93.571106,14.85889],[93.570831,14.85917],[93.57222,14.859444]]],[[[93.572746,14.870361],[93.573158,14.86988],[93.573158,14.868501],[93.572746,14.868159],[93.572746,14.870361]]],[[[93.641388,14.902499],[93.642502,14.901391],[93.642502,14.901111],[93.643066,14.900559],[93.641388,14.902499]]],[[[93.648407,14.93487],[93.64917,14.934441],[93.649445,14.934443],[93.650345,14.934024],[93.648407,14.93487]]]]}},{"type":"Feature","properties":{"name":"Andhra Pradesh"},"geometry":{"type":"MultiPolygon","coordinates":[[[[80.274582,13.459583],[80.274582,13.459029],[80.274857,13.459031],[80.274857,13.458751],[80.274582,13.459583]]],[[[80.227356,13.494032],[80.227356,13.493471],[80.227638,13.493471],[80.227638,13.492917],[80.227356,13.494032]]],[[[80.232361,13.494583],[80.232361,13.494305],[80.232918,13.494305],[80.232918,13.494027],[80.232361,13.494583]]],[[[80.265419,13.519583],[80.265419,13.519305],[80.265686,13.51931],[80.265686,13.51903],[80.265419,13.519583]]],[[[80.192642,13.520696],[80.192642,13.520415],[80.193748,13.520422],[80.193748,13.520142],[80.192642,13.520696]]],[[[80.18486,13.535421],[80.18486,13.535141],[80.185143,13.535141],[80.185143,13.53458],[80.18486,13.535421]]],[[[80.053467,13.589311],[80.053467,13.589031],[80.054031,13.589031],[80.054031,13.588753],[80.053467,13.589311]]],[[[80.149025,13.618473],[80.149025,13.618195],[80.149307,13.618195],[80.149307,13.616529],[80.149025,13.618473]]],[[[80.097076,13.641531],[80.097076,13.64125],[80.097359,13.64125],[80.097359,13.64014],[80.097076,13.641531]]],[[[80.106529,13.65292],[80.106529,13.652081],[80.106247,13.652083],[80.106247,13.651527],[80.106529,13.65292]]],[[[80.102638,13.677641],[80.102638,13.677361],[80.104027,13.677361],[80.104027,13.677083],[80.102638,13.677641]]],[[[80.05986,15.199862],[80.05986,15.199582],[80.060417,15.199582],[80.060417,15.199306],[80.05986,15.199862]]],[[[80.210693,15.501531],[80.210693,15.501251],[80.210983,15.501251],[80.210976,15.500695],[80.210693,15.501531]]],[[[81.027916,15.765694],[81.027916,15.765416],[81.028748,15.765421],[81.028748,15.76514],[81.027916,15.765694]]],[[[80.782913,15.83764],[80.782913,15.837081],[80.783195,15.837084],[80.783195,15.836806],[80.782913,15.83764]]],[[[80.787918,15.843194],[80.787918,15.842916],[80.788483,15.842921],[80.788483,15.84264],[80.787918,15.843194]]],[[[80.785973,15.856529],[80.785973,15.856251],[80.786247,15.856251],[80.786247,15.855971],[80.785973,15.856529]]],[[[80.773483,15.86181],[80.773483,15.861252],[80.77375,15.861252],[80.77375,15.860971],[80.773483,15.86181]]],[[[81.541809,16.355421],[81.541809,16.355141],[81.542076,16.355141],[81.542076,16.35486],[81.541809,16.355421]]],[[[81.535141,16.355972],[81.535141,16.355694],[81.535416,16.355694],[81.535416,16.354584],[81.535141,16.355972]]],[[[82.317352,16.57653],[82.317352,16.574579],[82.317085,16.574581],[82.317085,16.57403],[82.317352,16.57653]]],[[[82.26236,16.677917],[82.26236,16.677641],[82.262642,16.677641],[82.262642,16.677361],[82.26236,16.677917]]],[[[82.299515,16.714333],[82.299576,16.714031],[82.299385,16.714029],[82.299438,16.714128],[82.299515,16.714333]]],[[[82.307907,16.71653],[82.307907,16.716249],[82.308197,16.716249],[82.308197,16.715971],[82.307907,16.71653]]],[[[82.314857,16.725973],[82.314857,16.724861],[82.314583,16.724861],[82.314583,16.723471],[82.314857,16.725973]]],[[[82.332077,16.724861],[82.332077,16.72514],[82.331802,16.72514],[82.331802,16.72542],[82.332077,16.724861]]],[[[82.332077,16.724861],[82.310692,16.60236],[82.258751,16.690111],[82.332077,16.724861]]],[[[83.172073,17.569031],[83.172073,17.56875],[83.172363,17.56875],[83.172363,17.566801],[83.172073,17.569031]]],[[[83.305695,17.684584],[83.305695,17.683472],[83.30542,17.683472],[83.30542,17.683195],[83.305695,17.684584]]],[[[83.31208,17.68486],[83.31208,17.684031],[83.311249,17.684031],[83.311249,17.683741],[83.31208,17.68486]]],[[[83.269859,17.70875],[83.269859,17.708191],[83.268753,17.708195],[83.268753,17.708471],[83.269859,17.70875]]],[[[82.299515,16.714333],[82.174637,16.725109],[82.258469,16.689861],[82.267914,16.564028],[82.30986,16.56764],[81.94458,16.39514],[81.720413,16.310141],[81.365135,16.359859],[81.230972,16.23514],[81.145691,15.97375],[80.966805,15.731806],[80.822083,15.712916],[80.80542,15.84264],[80.686813,15.882641],[80.430969,15.8057],[80.270416,15.673196],[80.079865,15.315973],[80.04792,15.07735],[80.059303,14.81986],[80.199028,14.587083],[80.122086,14.114584],[80.315979,13.435971],[80.147087,13.724311],[80.138474,13.612916],[80.106796,13.70931],[80.050957,13.588192],[80.262093,13.47292],[80.312126,13.369381],[80.230331,13.47685],[80.007713,13.532372],[80.036041,13.48448],[79.925507,13.33594],[79.721291,13.27224],[79.784897,13.22348],[79.744377,13.194911],[79.668533,13.281931],[79.580261,13.245371],[79.428879,13.323562],[79.374603,13.30304],[79.42379,13.187461],[79.307938,13.096911],[79.218323,13.135551],[79.152702,13.007293],[78.979591,13.07651],[78.914383,13.067761],[78.924637,13.018641],[78.876038,13.08616],[78.702446,13.056151],[78.613663,12.97889],[78.646713,12.91902],[78.547676,12.685591],[78.484352,12.734781],[78.454781,12.61202],[78.36834,12.61184],[78.18985,12.68131],[78.241096,12.847421],[78.345428,12.928061],[78.454239,12.853162],[78.422653,12.9686],[78.569077,13.156483],[78.577469,13.26205],[78.366997,13.32004],[78.390762,13.5781],[78.183273,13.55638],[78.155762,13.64871],[78.080727,13.635341],[78.106041,13.853541],[78.041153,13.886729],[77.94458,13.819971],[77.978577,13.947651],[77.911606,13.897241],[77.818291,13.934881],[77.827721,13.86062],[77.708748,13.732739],[77.649086,13.77584],[77.449753,13.675791],[77.42453,13.83513],[77.250443,13.839471],[77.233841,13.894932],[77.178802,13.85984],[77.177032,13.9174],[77.123886,13.84939],[77.16658,13.754669],[76.992592,13.742551],[76.968391,13.81439],[77.035843,13.925591],[76.891426,14.158999],[77.019829,14.172702],[77.023697,14.053259],[77.147339,13.991622],[77.313492,14.02482],[77.397057,13.880541],[77.430641,13.96878],[77.326187,14.02294],[77.395447,14.103441],[77.347733,14.124341],[77.500443,14.150961],[77.499367,14.26051],[77.385658,14.32487],[77.383789,14.191821],[77.281143,14.331111],[77.152153,14.337741],[77.10508,14.213282],[76.937843,14.240121],[76.883141,14.390291],[76.973396,14.478281],[76.870201,14.46844],[76.76091,14.596281],[76.865479,14.9376],[76.763771,14.96987],[76.770821,15.058289],[77.078819,15.00001],[77.154037,15.120521],[77.120903,15.221241],[77.164146,15.25907],[76.97039,15.490922],[77.026596,15.49999],[77.029282,15.633839],[77.120926,15.637201],[77.02227,15.83178],[77.065956,15.899311],[77.248917,15.957741],[77.509453,15.92086],[77.487556,16.249821],[77.591606,16.337511],[77.342949,16.379721],[77.235176,16.468081],[77.366287,16.48411],[77.464172,16.584209],[77.416573,16.662811],[77.465042,16.678282],[77.423416,16.714531],[77.49939,17.00732],[77.359993,17.161621],[77.380356,17.21977],[77.454506,17.27589],[77.451599,17.370491],[77.528023,17.37211],[77.510147,17.427259],[77.686966,17.49157],[77.439926,17.58147],[77.450348,17.691299],[77.562027,17.74711],[77.51088,17.801441],[77.653397,17.969353],[77.545746,18.053761],[77.597458,18.08429],[77.60302,18.278],[77.519501,18.349253],[77.528481,18.440481],[77.585213,18.44545],[77.546196,18.463383],[77.601067,18.474211],[77.597267,18.547541],[77.736511,18.55481],[77.728111,18.664209],[77.837463,18.807461],[77.942551,18.82229],[77.757393,19.028551],[77.848137,19.09008],[77.905708,19.26722],[77.860878,19.30213],[77.948921,19.34128],[78.051132,19.24176],[78.170059,19.23633],[78.182167,19.41177],[78.308891,19.456409],[78.269722,19.66313],[78.367737,19.78108],[78.294128,19.84955],[78.310196,19.912741],[78.493919,19.79315],[78.845627,19.75835],[78.858803,19.656311],[78.968956,19.649233],[78.954552,19.55183],[79.177788,19.460691],[79.243866,19.612553],[79.470421,19.497452],[79.542656,19.548523],[79.598053,19.503771],[79.740326,19.60314],[79.811096,19.573841],[79.973053,19.40102],[79.943207,19.170601],[79.858047,19.104111],[79.859589,19.03463],[79.934486,19.0217],[79.909096,18.80669],[80.110817,18.676189],[80.26754,18.71797],[80.341843,18.586441],[80.483467,18.62812],[80.632683,18.518841],[80.788116,18.25404],[80.734558,18.171713],[80.82959,18.234119],[80.862022,18.132669],[80.973679,18.16815],[80.943993,18.08102],[81.045227,17.783991],[81.159569,17.852631],[81.611153,17.815363],[82.024658,18.05788],[82.261078,17.982401],[82.364296,18.134859],[82.306099,18.19566],[82.393013,18.30644],[82.334442,18.317133],[82.36129,18.40991],[82.474007,18.536833],[82.626877,18.228741],[82.767052,18.331079],[82.799171,18.439402],[82.902748,18.355911],[83.053391,18.375299],[83.015411,18.444429],[83.089333,18.53791],[83.009682,18.63653],[83.132957,18.772449],[83.205063,18.71586],[83.396301,18.830709],[83.305267,18.989681],[83.455482,18.94558],[83.459396,19.069672],[83.531387,19.005421],[83.623283,19.153631],[83.745827,18.918173],[83.788307,19.007811],[83.870178,18.81843],[84.081779,18.74464],[84.312492,18.77919],[84.42939,18.913683],[84.415131,19.013861],[84.471657,18.98122],[84.566139,19.065039],[84.590118,19.01338],[84.664589,19.066292],[84.591843,19.12384],[84.705223,19.14901],[84.746246,19.048471],[84.12458,18.309305],[83.572639,18.018194],[83.21347,17.590973],[82.368462,17.11875],[82.249031,16.93042],[82.354309,16.851528],[82.358192,16.962643],[82.299515,16.714333]]]]}},{"type":"Feature","properties":{"name":"Arunachal Pradesh"},"geometry":{"type":"Polygon","coordinates":[[[96.157776,29.383101],[96.243568,29.235123],[96.392807,29.2565],[96.346359,29.17103],[96.114502,29.077602],[96.184853,28.988119],[96.166527,28.90593],[96.5252,29.079281],[96.477402,28.99404],[96.615997,28.77858],[96.47274,28.68821],[96.494057,28.638191],[96.325676,28.53401],[96.372963,28.48704],[96.263771,28.41338],[96.399406,28.3445],[96.458267,28.419222],[96.664566,28.465771],[96.996498,28.316231],[97.092567,28.369692],[97.400566,28.2005],[97.307747,28.077101],[97.415161,28.02408],[97.389023,27.896379],[97.256477,27.909531],[96.897583,27.620802],[96.91185,27.462709],[97.167206,27.155479],[97.146431,27.10284],[96.866226,27.19969],[96.888779,27.263599],[96.802361,27.354431],[96.620483,27.37282],[96.522331,27.29397],[96.099022,27.231409],[95.945969,27.05971],[95.807938,27.020451],[95.730812,26.887491],[95.532776,26.831209],[95.423309,26.696712],[95.237633,26.686291],[95.195518,27.04295],[95.457787,27.135641],[95.516182,27.268631],[95.893967,27.263012],[96.020912,27.37126],[95.977783,27.435499],[95.849342,27.430321],[95.881332,27.55323],[95.758217,27.73111],[95.977463,27.9685],[95.606743,27.957769],[95.515953,27.881788],[94.860863,27.739479],[94.45974,27.557711],[94.252228,27.64093],[94.211113,27.610842],[94.259727,27.523491],[93.808586,27.151751],[93.835022,27.074991],[93.489357,26.93853],[93.019371,26.91683],[92.658928,27.038521],[92.585213,26.961863],[92.107887,26.89382],[92.023376,27.162334],[92.039597,27.266672],[92.120613,27.287571],[92.018761,27.479746],[91.653236,27.482981],[91.562004,27.584209],[91.640022,27.757992],[91.552521,27.858572],[91.824211,27.81035],[91.918762,27.715101],[92.210396,27.85899],[92.315956,27.77824],[92.560692,27.821041],[92.739487,27.98941],[92.662933,28.062771],[92.686989,28.125799],[92.964523,28.26181],[93.000359,28.230791],[93.023666,28.3032],[93.218979,28.333731],[93.182663,28.439991],[93.336906,28.64016],[93.926132,28.671801],[93.994911,28.84137],[94.155136,28.954762],[94.214691,29.084089],[94.431183,29.226822],[94.557899,29.22891],[94.628159,29.348591],[94.797989,29.16461],[95.022797,29.130621],[94.997498,29.173012],[95.410133,29.034121],[95.546806,29.128651],[95.53772,29.214001],[95.777626,29.3564],[96.080536,29.463345],[96.157776,29.383101]]]}},{"type":"Feature","properties":{"name":"Assam"},"geometry":{"type":"MultiPolygon","coordinates":[[[[89.871452,25.537298],[89.871178,25.536951],[89.875656,25.528528],[89.870323,25.52149],[89.871452,25.537298]]],[[[89.871452,25.537298],[89.870949,25.538643],[89.873207,25.540091],[89.873947,25.541937],[89.871452,25.537298]]],[[[95.952316,27.941841],[95.758713,27.726681],[95.881332,27.55323],[95.849342,27.430321],[95.977783,27.435499],[96.018356,27.367901],[95.893967,27.263012],[95.510887,27.26627],[95.457787,27.135641],[95.021347,26.9254],[94.89447,26.93733],[94.756371,26.772268],[94.467941,26.669821],[94.316513,26.462931],[94.276741,26.55884],[94.175507,26.344219],[94.004807,26.173271],[93.979393,25.91968],[93.795761,25.81435],[93.773018,25.966021],[93.331741,25.54681],[93.461868,25.434698],[93.474022,25.30928],[93.24884,25.018801],[93.197357,24.81126],[93.109787,24.80974],[93.039169,24.411131],[92.828987,24.377769],[92.765198,24.520849],[92.690666,24.354801],[92.466827,24.13504],[92.422379,24.253111],[92.212852,24.24931],[92.298271,24.736551],[92.240517,24.899191],[92.491798,24.874022],[92.423637,24.996099],[92.484299,25.108061],[92.80442,25.21933],[92.78437,25.332539],[92.567413,25.46747],[92.653458,25.59218],[92.572502,25.560421],[92.385101,25.753563],[92.160698,25.67186],[92.153107,25.81275],[92.225479,25.907049],[92.156319,25.944799],[92.297318,26.079149],[91.922096,25.999531],[91.819313,26.11874],[91.669312,25.90539],[91.575836,26.03311],[91.475937,25.878038],[91.525406,25.87289],[91.333557,25.83884],[91.223877,25.723419],[91.19648,25.859011],[91.000786,25.82225],[91.029221,25.888048],[90.942749,25.947571],[90.778061,25.908291],[90.686043,25.950809],[90.624809,25.898899],[90.582458,25.959791],[90.512543,25.89624],[90.477287,26.015261],[90.118652,25.96126],[89.892616,25.735001],[90.017296,25.602192],[89.870102,25.544222],[89.814529,25.81698],[89.890358,25.940229],[89.828201,25.94356],[89.875397,25.97611],[89.694839,26.189072],[89.717827,26.3057],[89.857292,26.38446],[89.862389,26.737003],[90.127838,26.749043],[90.214821,26.853701],[90.409706,26.90192],[90.699867,26.768015],[91.096596,26.819803],[91.336319,26.779652],[91.408348,26.835562],[91.687248,26.805094],[91.85778,26.914028],[92.055191,26.848053],[92.585213,26.961863],[92.658928,27.038521],[93.019371,26.91683],[93.655113,26.966478],[93.835022,27.074991],[93.808586,27.151751],[94.259056,27.5226],[94.211113,27.610842],[94.252228,27.64093],[94.45974,27.557711],[94.860863,27.739479],[95.515953,27.881788],[95.606743,27.957769],[95.952316,27.941841]]]]}},{"type":"Feature","properties":{"name":"Bihar"},"geometry":{"type":"MultiPolygon","coordinates":[[[[88.105476,26.53904],[88.105049,26.535849],[88.106216,26.536015],[88.10202,26.534389],[88.105476,26.53904]]],[[[84.11972,27.513521],[84.295891,27.384172],[84.622017,27.338207],[84.693062,27.214802],[84.644852,27.047197],[84.964485,26.960276],[85.062416,26.886705],[85.024445,26.855433],[85.197708,26.866594],[85.212288,26.758703],[85.336319,26.741415],[85.636688,26.871902],[85.736717,26.795616],[85.734619,26.654316],[85.852119,26.568415],[86.030739,26.666422],[86.219612,26.58811],[86.33004,26.619154],[86.733521,26.422045],[87.07428,26.585466],[87.093918,26.450016],[87.343414,26.347515],[87.469093,26.440065],[87.608414,26.380602],[87.890633,26.48642],[88.032555,26.364632],[88.106148,26.535624],[88.231201,26.551983],[88.179039,26.49058],[88.279556,26.335531],[87.964058,26.151979],[87.972191,26.08485],[87.842117,26.044481],[87.803581,25.920721],[87.910912,25.851749],[87.898468,25.76976],[88.04863,25.690571],[88.070412,25.480501],[87.926048,25.536213],[87.781326,25.444651],[87.836647,25.199261],[87.58007,25.348391],[87.481506,25.295172],[87.47216,25.19467],[87.323456,25.223091],[87.291107,25.08927],[87.146767,25.024311],[87.158119,24.885632],[87.078568,24.82225],[87.050468,24.60677],[86.930092,24.64282],[86.911179,24.538679],[86.777122,24.619761],[86.668396,24.56064],[86.602921,24.605068],[86.452209,24.368629],[86.279137,24.462002],[86.322861,24.584091],[86.133293,24.60354],[86.050583,24.779541],[85.950302,24.732119],[85.73674,24.822651],[85.649529,24.68704],[85.664703,24.58193],[85.282516,24.52669],[85.089417,24.3792],[85.076157,24.439871],[84.898033,24.372129],[84.795326,24.529491],[84.658257,24.393742],[84.521523,24.376261],[84.493538,24.287041],[84.293213,24.450823],[84.292976,24.56599],[84.109779,24.4814],[83.99221,24.638033],[83.868042,24.532881],[83.498169,24.52706],[83.541412,24.626181],[83.386803,24.78422],[83.318176,25.017321],[83.349609,25.19894],[83.838371,25.43689],[83.917053,25.558491],[84.076508,25.637531],[84.094391,25.720381],[84.285576,25.66153],[84.331291,25.744572],[84.488388,25.677851],[84.6306,25.72834],[84.528641,25.877741],[84.166229,25.991501],[84.049057,26.099701],[84.005516,26.23407],[84.157303,26.244131],[84.171356,26.37398],[83.902283,26.450251],[83.902206,26.51808],[84.04776,26.543489],[84.081779,26.64286],[84.414398,26.627171],[84.298027,26.753271],[84.233986,26.739531],[84.241096,26.862431],[84.052002,26.891701],[84.020721,27.095482],[83.939423,27.092993],[83.985123,27.181763],[83.897957,27.25943],[83.923599,27.316431],[83.828957,27.32276],[83.905518,27.376215],[83.870247,27.428507],[84.029419,27.43363],[84.11972,27.513521]]],[[[87.306213,27.843216],[87.306801,27.83659],[87.306175,27.843218],[87.306213,27.843216],[87.306213,27.843216]]],[[[87.262917,27.850716],[87.252487,27.842867],[87.251183,27.843061],[87.25132,27.843115],[87.262917,27.850716]]],[[[87.262917,27.850716],[87.267212,27.850117],[87.266281,27.849453],[87.262917,27.850716],[87.262917,27.850716]]]]}},{"type":"Feature","properties":{"name":"Chandigarh"},"geometry":{"type":"Polygon","coordinates":[[[76.819809,30.685829],[76.690628,30.76008],[76.797768,30.785271],[76.819809,30.685829]]]}},{"type":"Feature","properties":{"name":"Chhattisgarh"},"geometry":{"type":"Polygon","coordinates":[[[83.327599,24.099649],[83.506706,24.02824],[83.561211,23.862951],[83.695389,23.820669],[83.774887,23.599501],[83.935257,23.56304],[83.937889,23.622431],[84.007027,23.632311],[83.965828,23.38121],[84.070251,23.32999],[84.033676,23.138441],[84.129379,23.081541],[84.148003,22.963869],[84.189926,23.02372],[84.370537,22.975071],[84.376923,22.875891],[84.220612,22.668911],[84.005051,22.569563],[84.004211,22.367661],[83.61927,22.19636],[83.557266,22.099979],[83.600319,22.06551],[83.532448,22.034048],[83.584473,21.843601],[83.467178,21.78274],[83.419746,21.67502],[83.484543,21.625563],[83.380722,21.612751],[83.334633,21.49555],[83.402657,21.348431],[83.27002,21.375038],[83.190102,21.135529],[82.635941,21.14945],[82.622307,21.03657],[82.459053,20.823841],[82.346619,20.883848],[82.324013,20.553881],[82.429169,20.425753],[82.390862,20.059589],[82.707489,19.990219],[82.711006,19.84856],[82.58506,19.771049],[82.590767,19.866219],[82.439491,19.90292],[82.339447,19.829962],[82.230629,19.998081],[82.057899,20.04987],[82.024406,20.01004],[81.941353,20.102251],[81.873756,20.046181],[81.849632,19.908051],[82.05983,19.783098],[82.022392,19.501802],[82.18306,19.41761],[82.159782,19.12648],[82.239563,18.91046],[82.172729,18.895288],[82.078583,18.712082],[81.885376,18.65033],[81.946907,18.559151],[81.744911,18.34535],[81.527962,18.259081],[81.384132,17.80349],[81.159569,17.852631],[81.037651,17.78624],[80.943993,18.08102],[80.973679,18.16815],[80.862022,18.132669],[80.82959,18.234119],[80.734558,18.171713],[80.788277,18.249781],[80.72654,18.408991],[80.488388,18.62672],[80.338791,18.588209],[80.239563,18.752211],[80.347786,18.815941],[80.267723,18.987329],[80.383347,19.23914],[80.567818,19.400921],[80.610153,19.30714],[80.749237,19.286741],[80.845009,19.36091],[80.787933,19.426701],[80.892067,19.465681],[80.827606,19.562672],[80.656853,19.612261],[80.66584,19.692211],[80.542427,19.819271],[80.394707,19.794579],[80.49752,19.86875],[80.406296,19.932501],[80.520378,19.93088],[80.546158,20.06571],[80.498032,20.13892],[80.393837,20.14402],[80.382957,20.24172],[80.617767,20.333681],[80.622322,20.603863],[80.481598,20.6171],[80.580116,20.683641],[80.54184,20.93392],[80.459091,20.92815],[80.423759,21.00959],[80.455269,21.169081],[80.672951,21.298288],[80.718529,21.711861],[80.811203,21.747492],[80.818443,21.956791],[80.90609,22.114441],[81.004272,22.070021],[80.971756,22.121481],[81.113846,22.29438],[81.109993,22.44112],[81.322937,22.52433],[81.396553,22.44132],[81.519066,22.539982],[81.615791,22.539021],[81.656548,22.632002],[81.762726,22.663589],[81.769402,22.873508],[81.940247,22.95709],[81.938103,23.07781],[82.151077,23.141741],[82.18586,23.32539],[81.97612,23.413111],[81.916359,23.532091],[81.736031,23.56743],[81.607048,23.506889],[81.569733,23.58865],[81.687286,23.72135],[81.610512,23.906973],[81.661598,23.925598],[81.782661,23.81184],[81.916443,23.87299],[82.516197,23.784231],[82.798653,23.962181],[82.949501,23.87299],[83.127411,23.89002],[83.327599,24.099649]]]}},{"type":"Feature","properties":{"name":"Dadra And Nagar Haveli"},"geometry":{"type":"Polygon","coordinates":[[[72.990463,20.292089],[73.103386,20.360361],[73.112869,20.304941],[73.177101,20.312323],[73.06424,20.203161],[73.082443,20.15659],[73.227783,20.18705],[73.198906,20.062271],[72.985321,20.113451],[72.92231,20.274401],[72.990463,20.292089]]]}},{"type":"Feature","properties":{"name":"Daman And Diu"},"geometry":{"type":"MultiPolygon","coordinates":[[[[72.860138,20.470961],[72.875526,20.38105],[72.821533,20.37108],[72.860138,20.470961]]],[[[70.888527,20.709763],[70.888535,20.709032],[70.887642,20.709028],[70.887642,20.709307],[70.888527,20.709763]]],[[[70.948547,20.733742],[70.977081,20.70153],[70.892082,20.707916],[70.948547,20.733742]]],[[[70.768028,20.96196],[70.901611,20.90333],[70.816963,20.8512],[70.896179,20.824793],[70.838196,20.690142],[70.674026,20.75819],[70.733849,20.98844],[70.768028,20.96196]]]]}},{"type":"Feature","properties":{"name":"Delhi"},"geometry":{"type":"Polygon","coordinates":[[[77.217323,28.835279],[77.337532,28.617493],[77.293648,28.57972],[77.337738,28.50897],[77.242653,28.4846],[77.240616,28.42886],[77.165771,28.408461],[77.072479,28.520281],[76.879372,28.50905],[76.837616,28.55699],[76.933907,28.63765],[76.942307,28.820681],[77.075851,28.884512],[77.217323,28.835279]]]}},{"type":"Feature","properties":{"name":"Goa"},"geometry":{"type":"MultiPolygon","coordinates":[[[[73.781807,15.355694],[73.781807,15.355416],[73.782356,15.35542],[73.782356,15.35514],[73.781807,15.355694]]],[[[73.796516,15.37903],[73.796516,15.378752],[73.797363,15.378752],[73.797363,15.378471],[73.796516,15.37903]]],[[[73.864296,15.408481],[73.864296,15.408191],[73.865417,15.408194],[73.865417,15.407362],[73.864296,15.408481]]],[[[73.879868,15.779212],[74.002388,15.609052],[74.255257,15.65421],[74.341652,15.292931],[74.257523,15.257629],[74.321907,15.18407],[74.302338,15.03986],[74.211838,14.92142],[74.042923,14.918471],[74.05014,14.988195],[73.911804,15.084028],[73.948471,15.145972],[73.886528,15.35042],[73.782913,15.40875],[73.896797,15.41486],[73.787636,15.461528],[73.679306,15.722361],[73.879868,15.779212]]]]}},{"type":"Feature","properties":{"name":"Gujarat"},"geometry":{"type":"MultiPolygon","coordinates":[[[[70.86097,20.752918],[70.86097,20.75264],[70.861526,20.75264],[70.861526,20.752359],[70.86097,20.752918]]],[[[72.84597,20.763201],[72.84597,20.76293],[72.846252,20.76293],[72.846252,20.76264],[72.84597,20.763201]]],[[[71.388474,20.867085],[71.388474,20.866528],[71.388191,20.866529],[71.388191,20.866253],[71.388474,20.867085]]],[[[71.516251,20.914305],[71.516251,20.914028],[71.516533,20.914028],[71.516533,20.91375],[71.516251,20.914305]]],[[[71.649017,20.977921],[71.649017,20.97736],[71.649307,20.977362],[71.649307,20.976528],[71.649017,20.977921]]],[[[71.686531,20.996529],[71.686531,20.996248],[71.686813,20.996248],[71.686806,20.995972],[71.686531,20.996529]]],[[[71.703751,20.999582],[71.703751,20.999306],[71.704033,20.99931],[71.704033,20.999031],[71.703751,20.999582]]],[[[71.710419,20.999582],[71.710419,20.999306],[71.711533,20.99931],[71.711533,20.999031],[71.710419,20.999582]]],[[[72.647636,21.076248],[72.647636,21.075418],[72.647919,21.075418],[72.647919,21.075138],[72.647636,21.076248]]],[[[72.679306,21.098751],[72.679306,21.09819],[72.679581,21.098194],[72.679581,21.09796],[72.679306,21.098751]]],[[[72.672081,21.115141],[72.672081,21.114311],[72.672363,21.114311],[72.672363,21.11347],[72.672081,21.115141]]],[[[72.70208,21.12236],[72.70208,21.120701],[72.702362,21.120701],[72.702362,21.117908],[72.70208,21.12236]]],[[[72.676529,21.155701],[72.676529,21.155418],[72.677643,21.155418],[72.677643,21.15514],[72.676529,21.155701]]],[[[72.102913,21.274311],[72.102913,21.274031],[72.10347,21.274031],[72.10347,21.27264],[72.102913,21.274311]]],[[[72.587906,21.33931],[72.587906,21.337921],[72.587639,21.337921],[72.587639,21.336811],[72.587906,21.33931]]],[[[72.583191,21.365419],[72.583191,21.365141],[72.583748,21.365141],[72.583748,21.364571],[72.583191,21.365419]]],[[[72.600418,21.387081],[72.600418,21.383751],[72.600136,21.383751],[72.600136,21.379301],[72.600418,21.387081]]],[[[72.628197,21.41736],[72.628197,21.416811],[72.628471,21.416811],[72.628471,21.41625],[72.628197,21.41736]]],[[[72.635971,21.417641],[72.635971,21.41736],[72.636803,21.41736],[72.636803,21.416811],[72.635971,21.417641]]],[[[72.675972,21.44681],[72.675972,21.44598],[72.676247,21.44598],[72.676247,21.444311],[72.675972,21.44681]]],[[[69.724297,21.56403],[69.724297,21.563751],[69.724586,21.563751],[69.724586,21.563471],[69.724297,21.56403]]],[[[69.72847,21.612083],[69.72847,21.611805],[69.728752,21.611813],[69.728752,21.611521],[69.72847,21.612083]]],[[[72.353195,21.61347],[72.353195,21.612917],[72.353752,21.612923],[72.353752,21.61264],[72.353195,21.61347]]],[[[72.584587,21.62903],[72.584587,21.627083],[72.584305,21.627083],[72.584305,21.626249],[72.584587,21.62903]]],[[[72.609306,21.62875],[72.609306,21.62792],[72.609016,21.62792],[72.609016,21.627083],[72.609306,21.62875]]],[[[72.611809,21.632086],[72.611809,21.631527],[72.611526,21.631531],[72.611526,21.63125],[72.611809,21.632086]]],[[[72.617081,21.638472],[72.617081,21.637638],[72.616806,21.637638],[72.616806,21.63736],[72.617081,21.638472]]],[[[72.595703,21.63903],[72.595703,21.63875],[72.59597,21.63875],[72.595963,21.637638],[72.595703,21.63903]]],[[[72.619583,21.639584],[72.619583,21.639305],[72.620148,21.639313],[72.620148,21.63903],[72.619583,21.639584]]],[[[72.602364,21.64097],[72.602364,21.640694],[72.602638,21.640694],[72.602638,21.63986],[72.602364,21.64097]]],[[[72.722641,21.665972],[72.722641,21.665695],[72.723747,21.665695],[72.723747,21.665417],[72.722641,21.665972]]],[[[72.274307,21.749582],[72.274307,21.749306],[72.274582,21.74931],[72.274582,21.749031],[72.274307,21.749582]]],[[[72.354858,21.943199],[72.354858,21.942921],[72.355141,21.942921],[72.355141,21.94236],[72.354858,21.943199]]],[[[72.214027,22.005421],[72.214027,22.00486],[72.213753,22.004862],[72.213753,22.004583],[72.214027,22.005421]]],[[[72.472641,22.208195],[72.472641,22.207914],[72.473198,22.20792],[72.473198,22.20764],[72.472641,22.208195]]],[[[72.384308,22.215694],[72.384308,22.215416],[72.385406,22.21542],[72.385406,22.215139],[72.384308,22.215694]]],[[[72.370697,22.23514],[72.370697,22.23403],[72.370407,22.23403],[72.370407,22.233191],[72.370697,22.23514]]],[[[69.310417,22.306252],[69.310417,22.305969],[69.310692,22.305973],[69.310692,22.305138],[69.310417,22.306252]]],[[[69.452637,22.358194],[69.452637,22.357916],[69.453194,22.357916],[69.453194,22.357637],[69.452637,22.358194]]],[[[69.184029,22.36764],[69.184029,22.367361],[69.18486,22.367361],[69.18486,22.367081],[69.184029,22.36764]]],[[[69.195419,22.374584],[69.195419,22.374306],[69.195969,22.37431],[69.195969,22.372358],[69.195419,22.374584]]],[[[69.213188,22.384859],[69.213188,22.384581],[69.214027,22.384583],[69.214027,22.384308],[69.213188,22.384859]]],[[[69.200958,22.386251],[69.200958,22.385691],[69.200691,22.385695],[69.200691,22.384859],[69.200958,22.386251]]],[[[69.335419,22.38903],[69.335419,22.38875],[69.335983,22.38875],[69.335976,22.388472],[69.335419,22.38903]]],[[[69.483192,22.398748],[69.483192,22.39847],[69.483749,22.398472],[69.483749,22.398195],[69.483192,22.398748]]],[[[69.280136,22.417921],[69.280136,22.417641],[69.280418,22.417641],[69.280418,22.41736],[69.280136,22.417921]]],[[[69.279312,22.420141],[69.279312,22.419861],[69.279587,22.419861],[69.279587,22.41931],[69.279312,22.420141]]],[[[69.142082,22.45764],[69.142082,22.457069],[69.141808,22.457083],[69.141808,22.455608],[69.142082,22.45764]]],[[[69.62764,22.459583],[69.636528,22.40653],[69.588196,22.43708],[69.62764,22.459583]]],[[[69.302086,22.47403],[69.302086,22.473471],[69.302361,22.473473],[69.302361,22.473194],[69.302086,22.47403]]],[[[69.136803,22.477638],[69.136803,22.47736],[69.13736,22.477362],[69.13736,22.477083],[69.136803,22.477638]]],[[[69.089027,22.490694],[69.089027,22.490419],[69.089302,22.490431],[69.089302,22.490141],[69.089027,22.490694]]],[[[69.324287,22.527639],[69.324287,22.527361],[69.32486,22.527361],[69.32486,22.527081],[69.324287,22.527639]]],[[[69.944862,22.53236],[69.944862,22.532084],[69.945694,22.532084],[69.945694,22.531805],[69.944862,22.53236]]],[[[69.405136,22.53264],[69.405136,22.53208],[69.405418,22.532084],[69.405418,22.530972],[69.405136,22.53264]]],[[[69.957359,22.535973],[69.957359,22.535418],[69.957642,22.535419],[69.957642,22.535143],[69.957359,22.535973]]],[[[69.960419,22.543751],[69.960419,22.54347],[69.960976,22.543472],[69.960976,22.543194],[69.960419,22.543751]]],[[[69.95208,22.55125],[69.95208,22.55097],[69.952362,22.550974],[69.952362,22.550695],[69.95208,22.55125]]],[[[69.918747,22.553196],[69.941528,22.517916],[69.862358,22.527081],[69.918747,22.553196]]],[[[70.024307,22.553196],[70.024307,22.552917],[70.024582,22.552919],[70.024582,22.551811],[70.024307,22.553196]]],[[[70.011253,22.553751],[70.011253,22.553461],[70.011528,22.553473],[70.011528,22.553196],[70.011253,22.553751]]],[[[70.023476,22.558472],[70.023476,22.558195],[70.024033,22.558201],[70.024033,22.55792],[70.023476,22.558472]]],[[[70.039581,22.567921],[70.039581,22.56764],[70.039856,22.56764],[70.039856,22.56736],[70.039581,22.567921]]],[[[70.044586,22.572359],[70.044586,22.572081],[70.044861,22.572083],[70.044861,22.571806],[70.044586,22.572359]]],[[[70.181808,22.58375],[70.181808,22.583469],[70.182083,22.583471],[70.182083,22.583195],[70.181808,22.58375]]],[[[70.009033,22.593201],[70.009033,22.59292],[70.009583,22.59292],[70.009583,22.59263],[70.009033,22.593201]]],[[[70.190407,22.599859],[70.190407,22.599581],[70.190697,22.599583],[70.190697,22.599306],[70.190407,22.599859]]],[[[69.948471,22.606251],[69.948471,22.60597],[69.948753,22.605972],[69.948753,22.605696],[69.948471,22.606251]]],[[[70.215973,22.646811],[70.215973,22.64653],[70.216248,22.64653],[70.216248,22.64625],[70.215973,22.646811]]],[[[70.235695,22.684584],[70.235695,22.684305],[70.23597,22.684311],[70.23597,22.684031],[70.235695,22.684584]]],[[[70.242638,22.684584],[70.242638,22.684305],[70.243752,22.684311],[70.243752,22.683203],[70.242638,22.684584]]],[[[70.246803,22.691805],[70.246803,22.691526],[70.24736,22.691528],[70.24736,22.69125],[70.246803,22.691805]]],[[[70.244026,22.720139],[70.244026,22.719021],[70.244308,22.71903],[70.244308,22.717636],[70.244026,22.720139]]],[[[69.642639,22.764862],[69.642639,22.764584],[69.644028,22.764584],[69.644028,22.764305],[69.642639,22.764862]]],[[[69.636528,22.779861],[69.636528,22.779585],[69.636803,22.779585],[69.636803,22.779306],[69.636528,22.779861]]],[[[70.455139,22.995701],[70.455139,22.994301],[70.454865,22.994305],[70.454865,22.991528],[70.455139,22.995701]]],[[[70.441528,23.049583],[70.441528,23.048197],[70.441254,23.048197],[70.441254,23.047638],[70.441528,23.049583]]],[[[70.448471,23.052084],[70.448471,23.051805],[70.448753,23.051811],[70.448753,23.05125],[70.448471,23.052084]]],[[[70.452362,23.052361],[70.452362,23.05208],[70.45208,23.052084],[70.45208,23.051529],[70.452362,23.052361]]],[[[70.45903,23.05764],[70.45903,23.057081],[70.459305,23.057081],[70.459305,23.056528],[70.45903,23.05764]]],[[[70.45208,23.060696],[70.45208,23.060417],[70.452362,23.060421],[70.452362,23.05986],[70.45208,23.060696]]],[[[70.469582,23.061251],[70.469582,23.06097],[70.470139,23.060972],[70.470139,23.060696],[70.469582,23.061251]]],[[[70.482361,23.065418],[70.482361,23.064859],[70.482635,23.064861],[70.482635,23.063749],[70.482361,23.065418]]],[[[68.609016,23.231253],[68.609016,23.23097],[68.609581,23.23097],[68.609581,23.230694],[68.609016,23.231253]]],[[[68.594307,23.262083],[68.594307,23.261806],[68.594856,23.26181],[68.594856,23.26153],[68.594307,23.262083]]],[[[68.65847,23.27125],[68.65847,23.270969],[68.658752,23.270971],[68.658752,23.270695],[68.65847,23.27125]]],[[[68.628746,23.29014],[68.628746,23.289579],[68.629028,23.289583],[68.629028,23.289028],[68.628746,23.29014]]],[[[68.705139,23.31181],[68.705139,23.311531],[68.705971,23.311531],[68.705971,23.311253],[68.705139,23.31181]]],[[[68.558197,23.313751],[68.614861,23.27153],[68.54097,23.265694],[68.558197,23.313751]]],[[[68.642639,23.31403],[68.642639,23.313751],[68.642906,23.313751],[68.642906,23.313471],[68.642639,23.31403]]],[[[68.632637,23.31764],[68.632637,23.31708],[68.632919,23.317083],[68.632919,23.31625],[68.632637,23.31764]]],[[[68.639862,23.318472],[68.639862,23.318195],[68.640137,23.318211],[68.640137,23.317921],[68.639862,23.318472]]],[[[68.58847,23.319031],[68.58847,23.31875],[68.590416,23.31875],[68.590416,23.31847],[68.58847,23.319031]]],[[[68.631813,23.321251],[68.631805,23.320139],[68.632072,23.320141],[68.632072,23.319311],[68.631813,23.321251]]],[[[68.627083,23.321812],[68.627083,23.321529],[68.62764,23.321529],[68.62764,23.321251],[68.627083,23.321812]]],[[[68.626808,23.325972],[68.626808,23.325693],[68.62764,23.325701],[68.62764,23.32542],[68.626808,23.325972]]],[[[68.542076,23.34153],[68.542076,23.341249],[68.542358,23.341249],[68.542358,23.339022],[68.542076,23.34153]]],[[[68.55014,23.34153],[68.55014,23.341249],[68.550423,23.341249],[68.550415,23.340975],[68.55014,23.34153]]],[[[68.556808,23.34181],[68.556808,23.341671],[68.556808,23.341528],[68.556252,23.34153],[68.556808,23.34181]]],[[[68.505974,23.342361],[68.505974,23.342085],[68.506248,23.342091],[68.506248,23.34153],[68.505974,23.342361]]],[[[68.525139,23.34403],[68.525139,23.34375],[68.52903,23.34375],[68.52903,23.34347],[68.525139,23.34403]]],[[[68.563751,23.344862],[68.563751,23.344584],[68.564308,23.344584],[68.564308,23.344307],[68.563751,23.344862]]],[[[68.631531,23.351805],[68.631531,23.351528],[68.631813,23.35153],[68.631813,23.350962],[68.631531,23.351805]]],[[[68.473198,23.35681],[68.473198,23.356531],[68.473473,23.356531],[68.473473,23.356251],[68.473198,23.35681]]],[[[68.573471,23.360418],[68.573471,23.36013],[68.573753,23.36014],[68.573753,23.359861],[68.573471,23.360418]]],[[[68.597916,23.360971],[68.597916,23.360695],[68.59903,23.360695],[68.59903,23.360416],[68.597916,23.360971]]],[[[68.589027,23.374311],[68.589027,23.374029],[68.589577,23.374029],[68.589577,23.373751],[68.589027,23.374311]]],[[[68.540703,23.37764],[68.540695,23.377361],[68.54097,23.377361],[68.54097,23.377083],[68.540703,23.37764]]],[[[68.502914,23.383472],[68.502914,23.383196],[68.503197,23.383196],[68.503197,23.382639],[68.502914,23.383472]]],[[[68.504585,23.384583],[68.504585,23.384308],[68.50486,23.384308],[68.50486,23.383751],[68.504585,23.384583]]],[[[68.536247,23.38542],[68.536247,23.384581],[68.53653,23.384583],[68.53653,23.383751],[68.536247,23.38542]]],[[[68.579308,23.38542],[68.579308,23.385139],[68.580139,23.385139],[68.580139,23.384861],[68.579308,23.38542]]],[[[68.535141,23.387638],[68.535141,23.38707],[68.534859,23.387083],[68.534859,23.38653],[68.535141,23.387638]]],[[[68.554016,23.404032],[68.554016,23.403749],[68.556526,23.403749],[68.556526,23.403191],[68.554016,23.404032]]],[[[68.537361,23.404861],[68.537361,23.404581],[68.541656,23.404581],[68.542084,23.404581],[68.537361,23.404861]]],[[[68.460983,23.405142],[68.460983,23.40486],[68.46125,23.404861],[68.46125,23.404581],[68.460983,23.405142]]],[[[68.523476,23.404581],[68.523476,23.404028],[68.524582,23.404032],[68.524582,23.403469],[68.523476,23.404581]]],[[[68.47097,23.405701],[68.47097,23.40543],[68.472359,23.40543],[68.472359,23.40486],[68.47097,23.405701]]],[[[68.429863,23.407085],[68.429863,23.406803],[68.430969,23.406811],[68.430969,23.40653],[68.429863,23.407085]]],[[[68.463196,23.409031],[68.463196,23.406811],[68.46347,23.406811],[68.46347,23.40625],[68.463196,23.409031]]],[[[68.409027,23.409309],[68.409027,23.409031],[68.409286,23.409031],[68.409309,23.40847],[68.409027,23.409309]]],[[[68.55764,23.408751],[68.55764,23.40818],[68.557358,23.408195],[68.557358,23.407639],[68.55764,23.408751]]],[[[68.414581,23.409861],[68.414581,23.40958],[68.414864,23.409586],[68.414864,23.409306],[68.414581,23.409861]]],[[[68.460693,23.41264],[68.460693,23.412361],[68.461807,23.412361],[68.461807,23.412081],[68.460693,23.41264]]],[[[68.549576,23.41375],[68.549576,23.413191],[68.549309,23.413195],[68.549309,23.412916],[68.549576,23.41375]]],[[[68.400421,23.421249],[68.400414,23.420975],[68.400696,23.420975],[68.400696,23.420416],[68.400421,23.421249]]],[[[68.402084,23.423197],[68.402084,23.42264],[68.402359,23.42264],[68.402359,23.42181],[68.402084,23.423197]]],[[[68.399864,23.428473],[68.399864,23.428194],[68.400139,23.428194],[68.400139,23.427917],[68.399864,23.428473]]],[[[68.501808,23.432081],[68.501808,23.43125],[68.501526,23.43125],[68.501526,23.430691],[68.501808,23.432081]]],[[[68.516808,23.43292],[68.516808,23.43264],[68.517082,23.43264],[68.517082,23.431532],[68.516808,23.43292]]],[[[68.500687,23.436251],[68.500687,23.43597],[68.500969,23.435972],[68.500969,23.435417],[68.500687,23.436251]]],[[[68.501251,23.44375],[68.501251,23.443472],[68.502083,23.443472],[68.502083,23.443195],[68.501251,23.44375]]],[[[68.501251,23.45348],[68.501251,23.452921],[68.501526,23.452921],[68.501526,23.45236],[68.501251,23.45348]]],[[[68.506813,23.456541],[68.506813,23.456249],[68.50708,23.456249],[68.50708,23.455971],[68.506813,23.456541]]],[[[68.407913,23.45792],[68.407913,23.457359],[68.408203,23.457359],[68.408195,23.457083],[68.407913,23.45792]]],[[[68.499031,23.475973],[68.499031,23.475414],[68.499313,23.47542],[68.499313,23.47403],[68.499031,23.475973]]],[[[68.472862,23.480419],[68.484581,23.403191],[68.474586,23.459864],[68.421249,23.420141],[68.472862,23.480419]]],[[[68.498466,23.489031],[68.498466,23.48847],[68.498192,23.488474],[68.498192,23.487917],[68.498466,23.489031]]],[[[68.506531,23.492649],[68.506531,23.492361],[68.507362,23.492361],[68.507362,23.492081],[68.506531,23.492649]]],[[[68.510971,23.492649],[68.510971,23.492361],[68.511528,23.492361],[68.511528,23.491251],[68.510971,23.492649]]],[[[68.486809,23.495419],[68.486809,23.495138],[68.487076,23.495138],[68.487076,23.49486],[68.486809,23.495419]]],[[[68.46653,23.497923],[68.46653,23.497643],[68.467087,23.497643],[68.467087,23.49736],[68.46653,23.497923]]],[[[68.437363,23.50042],[68.437363,23.500141],[68.43792,23.500141],[68.43792,23.499861],[68.437363,23.50042]]],[[[68.480698,23.501251],[68.480698,23.500971],[68.481247,23.500975],[68.481247,23.500692],[68.480698,23.501251]]],[[[68.467918,23.524033],[68.467918,23.523203],[68.468193,23.523203],[68.468193,23.522923],[68.467918,23.524033]]],[[[68.475136,23.528761],[68.475136,23.528471],[68.475975,23.528475],[68.475975,23.527914],[68.475136,23.528761]]],[[[68.473473,23.537083],[68.473473,23.536528],[68.473747,23.53653],[68.473747,23.536249],[68.473473,23.537083]]],[[[68.482361,23.550423],[68.482361,23.549862],[68.482635,23.549862],[68.482635,23.549583],[68.482361,23.550423]]],[[[68.479309,23.55542],[68.479309,23.554861],[68.479576,23.554861],[68.479576,23.55431],[68.479309,23.55542]]],[[[68.223473,23.58625],[68.223473,23.58597],[68.225693,23.585972],[68.225693,23.585695],[68.223473,23.58625]]],[[[68.255142,23.590139],[68.255142,23.589861],[68.255417,23.589861],[68.255417,23.589029],[68.255142,23.590139]]],[[[68.216248,23.591249],[68.216248,23.590691],[68.21653,23.590694],[68.21653,23.590139],[68.216248,23.591249]]],[[[68.482086,23.596809],[68.482086,23.596531],[68.482361,23.596531],[68.482361,23.596251],[68.482086,23.596809]]],[[[68.458473,23.600418],[68.458473,23.60014],[68.461533,23.60014],[68.461525,23.599861],[68.458473,23.600418]]],[[[68.482086,23.606531],[68.482086,23.606421],[68.482086,23.606251],[68.482277,23.606251],[68.482086,23.606531]]],[[[68.456253,23.624861],[68.456253,23.62458],[68.457085,23.624584],[68.457085,23.624308],[68.456253,23.624861]]],[[[68.484581,23.627918],[68.484581,23.62764],[68.486809,23.62764],[68.486809,23.627359],[68.484581,23.627918]]],[[[68.477913,23.722361],[68.477913,23.722078],[68.479027,23.722084],[68.479027,23.721806],[68.477913,23.722361]]],[[[68.449577,23.73234],[68.449585,23.731525],[68.44986,23.731531],[68.44986,23.73181],[68.449577,23.73234]]],[[[68.467361,23.739861],[68.467361,23.73958],[68.467918,23.739582],[68.467918,23.739305],[68.467361,23.739861]]],[[[68.486809,23.745972],[68.486809,23.745136],[68.486526,23.74514],[68.486526,23.743191],[68.486809,23.745972]]],[[[68.21653,23.77931],[68.21653,23.778749],[68.217361,23.778749],[68.217361,23.778481],[68.21653,23.77931]]],[[[68.349312,23.80014],[68.349312,23.79903],[68.34903,23.79903],[68.34903,23.793192],[68.349312,23.80014]]],[[[68.358467,23.80514],[68.426247,23.794861],[68.390419,23.654306],[68.314857,23.583197],[68.306808,23.630701],[68.197083,23.597086],[68.204582,23.64764],[68.311813,23.650141],[68.231247,23.643473],[68.358467,23.80514]]],[[[68.605141,23.809586],[68.605141,23.809303],[68.605698,23.809311],[68.605698,23.80875],[68.605141,23.809586]]],[[[68.596527,23.812641],[68.596527,23.81208],[68.596252,23.812084],[68.596252,23.811808],[68.596527,23.812641]]],[[[68.307907,23.82375],[68.307907,23.823471],[68.309586,23.823475],[68.309586,23.823196],[68.307907,23.82375]]],[[[68.496529,23.830973],[68.516808,23.75458],[68.437363,23.739311],[68.496529,23.830973]]],[[[68.707077,23.85125],[68.707077,23.850971],[68.708748,23.850973],[68.708748,23.850697],[68.707077,23.85125]]],[[[68.699303,23.853201],[68.699303,23.852921],[68.700142,23.852921],[68.700142,23.85264],[68.699303,23.853201]]],[[[68.533203,23.873751],[68.533195,23.872639],[68.53347,23.872641],[68.53347,23.87236],[68.533203,23.873751]]],[[[68.395691,23.878197],[68.426529,23.810421],[68.330139,23.787361],[68.395691,23.878197]]],[[[68.248192,23.880421],[68.248192,23.88014],[68.249313,23.88014],[68.249313,23.87986],[68.248192,23.880421]]],[[[68.449303,23.938473],[68.442093,23.870422],[68.349861,23.846251],[68.449303,23.938473]]],[[[68.535416,23.945972],[68.588753,23.916811],[68.517082,23.856527],[68.535416,23.945972]]],[[[68.525696,23.94953],[68.525696,23.949306],[68.52597,23.949301],[68.52597,23.948473],[68.525696,23.94953]]],[[[68.482086,23.99264],[68.518471,23.924305],[68.443466,23.848471],[68.482086,23.99264]]],[[[68.430138,23.99542],[68.237923,23.68125],[68.212914,23.834583],[68.287361,23.839308],[68.277084,23.914862],[68.430138,23.99542]]],[[[72.10186,24.643339],[72.353783,24.618101],[72.250999,24.58016],[72.44249,24.50425],[72.464676,24.40712],[72.544579,24.506851],[72.69725,24.457211],[72.732536,24.361271],[72.923912,24.326323],[72.991463,24.363972],[73.012787,24.482401],[73.098923,24.491491],[73.084961,24.39447],[73.231476,24.36466],[73.082687,24.18498],[73.223816,24.098221],[73.245827,24.01071],[73.373466,24.128139],[73.424683,23.931061],[73.362648,23.78743],[73.508537,23.703331],[73.513489,23.616812],[73.660736,23.622902],[73.632751,23.452393],[73.83213,23.446751],[73.894272,23.337139],[73.962471,23.38139],[74.106583,23.294123],[74.127022,23.17885],[74.246033,23.188259],[74.362022,22.93309],[74.451477,22.924],[74.47892,22.858641],[74.381088,22.638639],[74.265358,22.644831],[74.15332,22.51742],[74.04464,22.542122],[74.123001,22.420811],[74.190826,22.47788],[74.294182,22.394468],[74.191063,22.32193],[74.071983,22.360241],[74.075783,22.221878],[74.18071,22.086601],[74.097702,22.015459],[74.148903,21.960711],[73.810516,21.823338],[73.898102,21.667271],[73.787613,21.62505],[73.860786,21.495823],[74.309967,21.567322],[74.327721,21.49575],[74.067162,21.481932],[74.048546,21.41943],[73.952843,21.40237],[73.948486,21.29755],[73.832138,21.26745],[73.822548,21.171921],[73.588303,21.1679],[73.752609,21.11409],[73.774857,21.01045],[73.906448,20.98315],[73.949532,20.74231],[73.822647,20.693821],[73.838287,20.615761],[73.670708,20.56234],[73.453697,20.71047],[73.402733,20.642599],[73.50074,20.540241],[73.39135,20.3902],[73.429916,20.20623],[73.31115,20.207211],[73.259468,20.12464],[73.180176,20.208609],[73.072449,20.16345],[73.179543,20.289862],[73.107376,20.36071],[72.924591,20.27866],[72.969246,20.210911],[72.874542,20.225809],[72.835342,20.144642],[72.73764,20.136539],[72.775696,20.333471],[72.875526,20.38105],[72.836571,20.428391],[72.88958,20.748196],[72.752083,20.946529],[72.720695,21.143194],[72.667076,21.155418],[72.627083,21.07597],[72.653198,21.226805],[72.587357,21.275688],[72.696808,21.464581],[72.645142,21.43375],[72.674026,21.52042],[72.742363,21.55014],[72.625687,21.492359],[72.597359,21.552361],[72.629303,21.617651],[72.835136,21.667921],[72.537636,21.664305],[72.569862,21.824308],[72.502357,21.955141],[72.582085,22.200972],[72.757637,22.174028],[72.91597,22.278194],[72.752083,22.23097],[72.542641,22.280972],[72.48597,22.197359],[72.361809,22.375669],[72.416527,22.227362],[72.356247,22.27125],[72.391525,22.167915],[72.357643,22.192921],[72.343491,22.124861],[72.294304,22.202362],[72.278473,21.932079],[72.241531,22.049583],[72.30014,22.108749],[72.232635,22.017639],[72.172363,22.041531],[72.22097,21.956251],[72.14653,21.983473],[72.253197,21.897362],[72.265976,21.74181],[72.182915,21.82375],[72.305969,21.628469],[72.223198,21.438749],[72.075974,21.302084],[72.113747,21.196527],[71.050415,20.73097],[70.873474,20.709862],[70.920418,20.736807],[70.843582,20.760389],[70.896179,20.824793],[70.816963,20.8512],[70.900238,20.8857],[70.886986,20.94521],[70.735512,20.989832],[70.666252,20.752359],[70.099586,21.104582],[69.712906,21.528471],[69.764313,21.578751],[69.73764,21.650419],[69.675697,21.63875],[69.696808,21.59292],[69.632637,21.64292],[69.710693,21.539307],[69.587639,21.62097],[68.935974,22.310139],[69.06736,22.480141],[69.069305,22.395695],[69.194031,22.42375],[69.157913,22.312916],[69.232635,22.257917],[69.488472,22.337917],[69.498192,22.435694],[69.575691,22.319031],[69.728203,22.473751],[69.797638,22.399858],[69.834305,22.500694],[69.87014,22.446529],[69.97625,22.543194],[70.162918,22.551531],[70.493469,23.07514],[70.347641,22.930416],[70.197914,22.998472],[70.219307,22.956249],[70.123192,22.960695],[70.153198,23.029581],[70.090973,22.952641],[70.13208,22.924582],[69.79847,22.850695],[69.705139,22.727917],[69.633751,22.79542],[69.469582,22.773748],[69.190697,22.841249],[68.659027,23.14986],[68.585419,23.234585],[68.630692,23.213194],[68.671806,23.27014],[68.630142,23.295694],[68.758186,23.33042],[68.650139,23.304308],[68.491806,23.500971],[68.496803,23.65292],[68.761253,23.87487],[68.603752,23.85014],[68.53347,23.75597],[68.51487,23.82403],[68.663193,23.91736],[68.546806,23.963194],[68.749245,23.962046],[68.772652,24.294136],[68.826355,24.308395],[68.887543,24.19585],[68.947243,24.276627],[69.000534,24.22588],[69.600677,24.277847],[69.724579,24.175097],[70.000641,24.166395],[70.119041,24.290699],[70.574867,24.420315],[70.574249,24.252333],[70.805763,24.222727],[71.131767,24.4018],[71.007568,24.442242],[70.998268,24.54134],[71.10714,24.680651],[71.297737,24.607641],[71.536972,24.678921],[71.66156,24.633261],[71.798988,24.670521],[71.858391,24.60417],[71.876472,24.675159],[71.944191,24.62678],[72.05249,24.70579],[72.10186,24.643339]]]]}},{"type":"Feature","properties":{"name":"Haryana"},"geometry":{"type":"Polygon","coordinates":[[[76.837151,30.878872],[76.902161,30.897228],[77.0131,30.742208],[77.153526,30.688721],[77.111496,30.567289],[77.202606,30.480341],[77.400612,30.418751],[77.450539,30.465231],[77.434952,30.403671],[77.50985,30.44883],[77.592018,30.370861],[77.414429,30.10713],[77.270409,30.04834],[77.117043,29.770901],[77.122047,29.105768],[77.221191,28.904133],[76.942307,28.820681],[76.933907,28.63765],[76.832916,28.582508],[76.879372,28.50905],[77.072479,28.520281],[77.165771,28.408461],[77.334473,28.511089],[77.474556,28.413511],[77.464813,28.27743],[77.53878,28.25441],[77.48912,28.21199],[77.542366,28.18166],[77.468872,28.086012],[77.536133,27.949303],[77.234558,27.78581],[77.038277,27.820042],[77.079216,27.738411],[76.993538,27.741701],[76.970497,27.657143],[76.88092,27.699369],[76.961761,28.144011],[76.863632,28.22464],[76.538193,27.970541],[76.538521,28.03912],[76.453728,28.049669],[76.497658,28.064732],[76.470993,28.154741],[76.288857,28.182673],[76.355606,28.12845],[76.297401,28.101049],[76.3368,28.029661],[76.177338,28.059259],[76.213829,28.031681],[76.154938,27.998991],[76.223282,27.840931],[75.963081,27.864731],[75.923622,27.93309],[76.035629,28.07398],[75.936089,28.093531],[76.027748,28.172722],[76.092888,28.155218],[75.922379,28.36891],[75.770317,28.407619],[75.778229,28.457611],[75.55571,28.614592],[75.467079,28.92625],[75.511101,29.01083],[75.434738,29.016541],[75.361153,29.14262],[75.395706,29.26194],[75.078079,29.23245],[74.841133,29.40407],[74.595779,29.328312],[74.529106,29.449539],[74.614403,29.527111],[74.566536,29.563499],[74.6054,29.75288],[74.472,29.74403],[74.465263,29.78755],[74.553566,29.865641],[74.524643,29.951561],[74.646973,29.904671],[74.801178,29.992573],[74.989929,29.856461],[75.084801,29.91514],[75.090179,29.806662],[75.154053,29.781019],[75.182343,29.838701],[75.23098,29.752068],[75.157837,29.66271],[75.22348,29.546171],[75.296066,29.568081],[75.444267,29.80785],[75.568787,29.74262],[75.771622,29.82539],[75.87928,29.74707],[76.041481,29.748781],[76.242012,29.869028],[76.16629,29.928659],[76.254997,30.10458],[76.203873,30.158901],[76.322899,30.108221],[76.410202,30.20229],[76.452087,30.10071],[76.601051,30.080231],[76.638916,30.20594],[76.547638,30.264921],[76.715157,30.332911],[76.757866,30.43889],[76.880226,30.359701],[76.930267,30.39259],[76.913429,30.599703],[76.818817,30.660591],[76.846786,30.792521],[76.762543,30.89341],[76.810188,30.93038],[76.837151,30.878872]]]}},{"type":"Feature","properties":{"name":"Himachal Pradesh"},"geometry":{"type":"Polygon","coordinates":[[[76.802757,33.23666],[76.917511,33.03368],[77.136391,32.980461],[77.146187,32.914021],[77.327896,32.819881],[77.712486,32.971802],[77.790169,32.90543],[77.761429,32.86483],[77.915131,32.76606],[77.982559,32.586529],[78.371353,32.761829],[78.388817,32.62323],[78.278519,32.507931],[78.438393,32.505352],[78.518761,32.418499],[78.439209,32.24646],[78.592911,32.21867],[78.597336,32.122032],[78.771027,31.999811],[78.691353,31.79335],[78.831093,31.615261],[78.706642,31.518393],[78.996582,31.115339],[78.871399,31.107321],[78.795036,31.20504],[78.470108,31.203751],[78.356323,31.290871],[77.887489,31.154701],[77.800606,31.06208],[77.817146,30.953569],[77.734573,30.95957],[77.789368,30.858549],[77.744522,30.881191],[77.688286,30.768669],[77.779053,30.663771],[77.729523,30.598383],[77.810646,30.53318],[77.565346,30.38489],[77.50985,30.44883],[77.416443,30.408392],[77.450539,30.465231],[77.400612,30.418751],[77.122337,30.548231],[77.153526,30.688721],[77.0131,30.742208],[76.902161,30.897228],[76.852432,30.870689],[76.610069,31.00423],[76.634148,31.21534],[76.570503,31.280149],[76.431137,31.282841],[76.363136,31.441351],[76.296097,31.319201],[76.172829,31.30674],[75.894547,31.9498],[75.578758,32.08168],[75.661827,32.164669],[75.622543,32.23468],[75.934631,32.424759],[75.850967,32.50787],[75.912483,32.757122],[75.787422,32.893322],[75.987419,32.900581],[76.391678,33.186691],[76.627007,33.162479],[76.802757,33.23666]]]}},{"type":"Feature","properties":{"name":"Jammu and Kashmir"},"geometry":{"type":"Polygon","coordinates":[[[77.899567,35.427895],[78.109833,35.476768],[77.991852,35.348549],[78.124176,35.135422],[78.08287,35.082489],[78.248032,34.695099],[78.425117,34.603462],[78.569336,34.61195],[78.981461,34.332851],[78.9562,34.217831],[78.706383,34.072182],[78.770363,34.01973],[78.711563,33.922501],[78.783989,33.770432],[78.710983,33.654869],[79.074966,33.228611],[79.409836,33.178772],[79.35247,32.979031],[79.540527,32.748692],[79.545357,32.607361],[79.312218,32.487091],[79.202957,32.51083],[79.104469,32.371712],[78.977203,32.34277],[78.781181,32.4753],[78.745926,32.696079],[78.31041,32.475929],[78.296623,32.577511],[78.388817,32.62323],[78.371353,32.761829],[77.982559,32.586529],[77.915131,32.76606],[77.761429,32.86483],[77.790169,32.90543],[77.712486,32.971802],[77.327896,32.819881],[77.146187,32.914021],[77.136391,32.980461],[76.917511,33.03368],[76.778267,33.255711],[76.729866,33.179432],[76.391678,33.186691],[76.237289,33.032589],[76.093689,33.004829],[75.94577,32.885139],[75.807953,32.92979],[75.923622,32.6437],[75.804337,32.487061],[75.545151,32.360821],[75.498947,32.27533],[75.472237,32.34005],[75.322327,32.337326],[75.071609,32.482964],[74.698418,32.48494],[74.642212,32.61105],[74.697021,32.839714],[74.531532,32.74073],[74.413895,32.90395],[74.318031,32.919701],[74.349831,33.016251],[74.205246,33.043301],[74.014275,33.19825],[74.170746,33.346649],[74.187073,33.455521],[74.028442,33.57468],[73.956253,33.720291],[74.219673,33.867176],[74.262741,33.974289],[74.214676,34.038555],[73.883217,34.04995],[73.976227,34.264809],[73.899406,34.359814],[73.76432,34.371071],[73.948067,34.57309],[73.96022,34.696682],[74.141792,34.6912],[74.375542,34.803444],[74.703003,34.693081],[75.24971,34.647312],[75.377823,34.552422],[75.749207,34.515831],[76.036461,34.670269],[76.157913,34.64341],[76.474342,34.794373],[76.681816,34.75959],[76.749367,34.926601],[76.99749,34.939152],[77.018097,35.038464],[77.156822,35.054699],[77.823929,35.501331],[77.899567,35.427895]]]}},{"type":"Feature","properties":{"name":"Jharkhand"},"geometry":{"type":"Polygon","coordinates":[[[87.599892,25.314663],[87.78331,25.246178],[87.776527,25.09127],[87.973343,24.896482],[87.818062,24.765982],[87.900833,24.7216],[87.909973,24.593868],[87.769409,24.58176],[87.81002,24.40662],[87.635712,24.242531],[87.689568,24.149839],[87.569382,24.155651],[87.576157,24.08526],[87.493599,24.11521],[87.45797,23.981421],[87.237976,24.04122],[87.294548,23.898571],[87.248222,23.907011],[87.242729,23.82616],[87.130928,23.866961],[87.124161,23.795038],[86.895012,23.879951],[86.882263,23.81448],[86.792839,23.831381],[86.792038,23.68737],[86.43988,23.62961],[86.300003,23.420061],[86.046867,23.58387],[86.047226,23.493643],[85.859543,23.450951],[85.895691,23.37059],[85.831558,23.19512],[85.914993,23.12953],[86.036926,23.14361],[86.212479,22.99185],[86.540283,22.98723],[86.432823,22.923403],[86.416153,22.776508],[86.617867,22.673389],[86.651703,22.57579],[86.759941,22.57243],[86.798012,22.48399],[86.75148,22.45068],[86.843933,22.396061],[86.885681,22.252121],[86.747803,22.207981],[86.499947,22.340952],[86.433357,22.30154],[86.03849,22.563589],[85.953506,22.455973],[86.043289,22.30619],[85.969788,22.243401],[86.026718,22.185223],[85.905426,21.966631],[85.76075,21.989719],[85.802048,22.11083],[85.681503,22.04878],[85.39444,22.1586],[85.230942,22.000271],[85.095436,22.099451],[84.97982,22.084681],[85.114456,22.290489],[85.062492,22.478411],[84.289223,22.33732],[84.002502,22.520861],[84.080391,22.636551],[84.220612,22.668911],[84.389053,22.93874],[84.189926,23.02372],[84.148003,22.963869],[84.129379,23.081541],[84.033676,23.138441],[84.070251,23.32999],[83.965828,23.38121],[84.007027,23.632311],[83.937889,23.622431],[83.935257,23.56304],[83.774887,23.599501],[83.695389,23.820669],[83.561211,23.862951],[83.506706,24.02824],[83.323563,24.10133],[83.375938,24.314541],[83.451393,24.36475],[83.39547,24.503771],[83.868042,24.532881],[83.99221,24.638033],[84.109779,24.4814],[84.297432,24.563143],[84.293213,24.450823],[84.493538,24.287041],[84.521523,24.376261],[84.658257,24.393742],[84.795326,24.529491],[84.898033,24.372129],[85.076157,24.439871],[85.089417,24.3792],[85.282516,24.52669],[85.664703,24.58193],[85.649529,24.68704],[85.73674,24.822651],[85.950302,24.732119],[86.050583,24.779541],[86.133293,24.60354],[86.322861,24.584091],[86.279137,24.462002],[86.452209,24.368629],[86.602921,24.605068],[86.668396,24.56064],[86.777122,24.619761],[86.911179,24.538679],[86.930092,24.64282],[87.050468,24.60677],[87.176643,25.06402],[87.291107,25.08927],[87.323456,25.223091],[87.467636,25.193142],[87.490067,25.305201],[87.599892,25.314663]]]}},{"type":"Feature","properties":{"name":"Karnataka"},"geometry":{"type":"MultiPolygon","coordinates":[[[[74.670975,13.199862],[74.670975,13.199584],[74.671524,13.199584],[74.671524,13.199306],[74.670975,13.199862]]],[[[74.72847,13.282922],[74.72847,13.28264],[74.728752,13.28264],[74.728752,13.282081],[74.72847,13.282922]]],[[[74.700417,13.28431],[74.700417,13.28346],[74.700691,13.283472],[74.700691,13.282918],[74.700417,13.28431]]],[[[74.723747,13.289591],[74.723747,13.289311],[74.724297,13.289311],[74.724297,13.289031],[74.723747,13.289591]]],[[[74.690697,13.33403],[74.690697,13.333752],[74.690971,13.333752],[74.690971,13.333191],[74.690697,13.33403]]],[[[74.689026,13.340972],[74.689026,13.339306],[74.689308,13.339311],[74.689308,13.338752],[74.689026,13.340972]]],[[[74.68264,13.348473],[74.68264,13.348195],[74.682915,13.348195],[74.682915,13.347639],[74.68264,13.348473]]],[[[74.671524,13.383193],[74.671524,13.382917],[74.671806,13.382917],[74.671806,13.382639],[74.671524,13.383193]]],[[[74.482918,14.01125],[74.482918,14.010972],[74.483192,14.010972],[74.483192,14.010418],[74.482918,14.01125]]],[[[74.326248,14.020695],[74.326248,14.020417],[74.32682,14.020421],[74.32682,14.01986],[74.326248,14.020695]]],[[[74.403198,14.315401],[74.403198,14.315138],[74.40403,14.315141],[74.40403,14.31486],[74.403198,14.315401]]],[[[74.365143,14.55264],[74.365143,14.55236],[74.365974,14.552362],[74.365974,14.552082],[74.365143,14.55264]]],[[[74.253754,14.705974],[74.253754,14.705693],[74.254303,14.705693],[74.254303,14.705418],[74.253754,14.705974]]],[[[74.240692,14.71125],[74.240692,14.710972],[74.240974,14.710972],[74.240974,14.709862],[74.240692,14.71125]]],[[[74.155418,14.741811],[74.155418,14.741531],[74.155983,14.741531],[74.155983,14.74125],[74.155418,14.741811]]],[[[74.111252,14.761541],[74.111252,14.76125],[74.111526,14.76125],[74.111526,14.759581],[74.111252,14.761541]]],[[[74.087914,14.795972],[74.087914,14.795694],[74.088753,14.795694],[74.088753,14.795416],[74.087914,14.795972]]],[[[74.056526,14.817084],[74.056526,14.816806],[74.056808,14.81681],[74.056808,14.81653],[74.056526,14.817084]]],[[[74.064026,14.82125],[74.064026,14.82097],[74.064583,14.820972],[74.064583,14.820694],[74.064026,14.82125]]],[[[74.059303,14.821528],[74.059303,14.82125],[74.061798,14.82125],[74.061798,14.820701],[74.059303,14.821528]]],[[[74.094025,14.838471],[74.094025,14.838196],[74.094307,14.838196],[74.094307,14.837639],[74.094025,14.838471]]],[[[74.098473,14.845972],[74.098473,14.845694],[74.098747,14.845694],[74.098747,14.845418],[74.098473,14.845972]]],[[[74.097084,14.878472],[74.097084,14.877916],[74.097359,14.877921],[74.097359,14.87708],[74.097084,14.878472]]],[[[77.337311,18.43544],[77.41011,18.388531],[77.362526,18.30829],[77.60302,18.278],[77.597458,18.08429],[77.545746,18.053761],[77.653397,17.969353],[77.51088,17.801441],[77.562027,17.74711],[77.450348,17.691299],[77.439926,17.58147],[77.687996,17.498543],[77.510147,17.427259],[77.528023,17.37211],[77.451599,17.370491],[77.454506,17.27589],[77.380356,17.21977],[77.359993,17.161621],[77.49939,17.00732],[77.423416,16.714531],[77.465042,16.678282],[77.416573,16.662811],[77.464172,16.584209],[77.366287,16.48411],[77.235176,16.468081],[77.342949,16.379721],[77.591606,16.337511],[77.592278,16.29011],[77.487556,16.249821],[77.509453,15.92086],[77.180626,15.950063],[77.02227,15.83178],[77.124977,15.659051],[77.029282,15.633839],[77.026596,15.49999],[76.97039,15.490922],[77.164146,15.25907],[77.120903,15.221241],[77.1632,15.161331],[77.078819,15.00001],[76.774223,15.071381],[76.763771,14.96987],[76.865479,14.9376],[76.76091,14.596281],[76.870201,14.46844],[76.973396,14.478281],[76.883141,14.390291],[76.943466,14.23631],[77.10508,14.213282],[77.152153,14.337741],[77.281143,14.331111],[77.383789,14.191821],[77.385658,14.32487],[77.499367,14.26051],[77.500443,14.150961],[77.347733,14.124341],[77.395447,14.103441],[77.326187,14.02294],[77.430641,13.96878],[77.397057,13.880541],[77.313492,14.02482],[77.147339,13.991622],[77.023697,14.053259],[77.019829,14.172702],[76.891426,14.158999],[77.035843,13.925591],[76.968391,13.81439],[76.993927,13.74151],[77.16658,13.754669],[77.123886,13.84939],[77.177032,13.9174],[77.178802,13.85984],[77.233841,13.894932],[77.250443,13.839471],[77.42453,13.83513],[77.476486,13.6776],[77.649086,13.77584],[77.708748,13.732739],[77.827721,13.86062],[77.818291,13.934881],[77.911606,13.897241],[77.978577,13.947651],[77.94458,13.819971],[78.041153,13.886729],[78.113533,13.840891],[78.080727,13.635341],[78.155762,13.64871],[78.183273,13.55638],[78.390762,13.5781],[78.366997,13.32004],[78.577469,13.26205],[78.569077,13.156483],[78.422653,12.9686],[78.454239,12.853162],[78.345428,12.928061],[78.22065,12.75259],[78.04673,12.84237],[77.910477,12.819711],[77.924286,12.87784],[77.8256,12.85899],[77.731407,12.66398],[77.59034,12.657541],[77.620087,12.40848],[77.465668,12.202261],[77.726357,12.16732],[77.768448,12.105592],[77.664711,11.9397],[77.484398,11.9324],[77.41925,11.750671],[77.241737,11.80246],[77.102829,11.76312],[77.109299,11.712801],[77.004433,11.80302],[76.899689,11.783272],[76.83728,11.57448],[76.560066,11.610121],[76.504211,11.698041],[76.41021,11.66457],[76.407677,11.753331],[76.334976,11.73063],[76.184036,11.863762],[76.108063,11.851181],[76.10791,11.970639],[75.865898,11.94563],[75.799683,12.071181],[75.66243,12.091181],[75.419128,12.2864],[75.365601,12.407041],[75.41449,12.496712],[75.340866,12.45605],[75.272408,12.539881],[75.327858,12.585181],[75.2229,12.56264],[75.150642,12.676342],[75.047806,12.660089],[74.992287,12.79046],[74.867081,12.754452],[74.690407,13.34847],[74.633186,13.84903],[74.501526,14.022641],[74.35376,14.502921],[74.38736,14.54681],[74.309593,14.520691],[74.24958,14.739584],[74.092636,14.80319],[74.104172,14.90375],[74.270119,14.966641],[74.321907,15.18407],[74.257523,15.257629],[74.341652,15.292931],[74.255257,15.65421],[74.096527,15.67085],[74.227348,15.785671],[74.250069,15.74118],[74.364853,15.773651],[74.389313,15.84414],[74.344536,15.852051],[74.411583,15.852591],[74.470276,16.040541],[74.368156,16.052959],[74.496407,16.10158],[74.503113,16.231041],[74.330658,16.27294],[74.36911,16.394329],[74.253159,16.494881],[74.276367,16.544533],[74.389923,16.527901],[74.477386,16.66078],[74.574051,16.55197],[74.690376,16.60446],[74.698196,16.7152],[74.92382,16.769951],[74.938393,16.94099],[75.090416,16.94865],[75.215858,16.84034],[75.288437,16.954773],[75.467911,16.985331],[75.492493,16.9429],[75.575798,17.007799],[75.674606,16.96027],[75.659889,17.26144],[75.578537,17.382931],[75.63559,17.47751],[75.802338,17.370102],[75.887238,17.41733],[75.931152,17.32411],[76.121208,17.366341],[76.175758,17.297211],[76.244362,17.37468],[76.381706,17.31181],[76.331673,17.59487],[76.489296,17.660669],[76.523697,17.75889],[76.573227,17.702169],[76.614449,17.768312],[76.690552,17.679953],[76.78817,17.826471],[76.740677,17.89801],[76.916443,17.915091],[76.954109,18.184891],[77.108887,18.152691],[77.240227,18.408648],[77.337311,18.43544]]]]}},{"type":"Feature","properties":{"name":"Kerala"},"geometry":{"type":"MultiPolygon","coordinates":[[[[76.467361,9.540971],[76.467361,9.540693],[76.468475,9.540693],[76.468475,9.540418],[76.467361,9.540971]]],[[[76.404297,9.54153],[76.404297,9.539861],[76.404587,9.539861],[76.404587,9.537083],[76.404297,9.54153]]],[[[76.434586,9.551528],[76.434586,9.55125],[76.43486,9.55125],[76.43486,9.548194],[76.434586,9.551528]]],[[[76.436806,9.551528],[76.436806,9.55125],[76.437363,9.55125],[76.437363,9.550972],[76.436806,9.551528]]],[[[76.414307,9.563195],[76.414307,9.562917],[76.414581,9.56292],[76.414581,9.562361],[76.414307,9.563195]]],[[[76.385414,9.620693],[76.385414,9.620418],[76.385971,9.62042],[76.385971,9.620142],[76.385414,9.620693]]],[[[76.381248,9.714582],[76.380692,9.71458],[76.380692,9.715141],[76.380966,9.715141],[76.381248,9.714582]]],[[[76.371529,9.758472],[76.371529,9.757916],[76.371803,9.75792],[76.371803,9.756261],[76.371529,9.758472]]],[[[76.324028,9.825695],[76.324028,9.825417],[76.324577,9.825421],[76.324577,9.824861],[76.324028,9.825695]]],[[[76.37236,9.825695],[76.37236,9.825417],[76.372917,9.825421],[76.372917,9.825141],[76.37236,9.825695]]],[[[76.368469,9.826812],[76.368469,9.826531],[76.369583,9.826531],[76.369583,9.826251],[76.368469,9.826812]]],[[[76.378471,9.839584],[76.378471,9.839028],[76.378746,9.83903],[76.378746,9.838472],[76.378471,9.839584]]],[[[76.37764,9.84153],[76.37764,9.840691],[76.377357,9.840694],[76.377357,9.840418],[76.37764,9.84153]]],[[[76.289307,9.847362],[76.289307,9.847082],[76.289864,9.847082],[76.289864,9.846806],[76.289307,9.847362]]],[[[76.349586,9.874582],[76.349586,9.874028],[76.349861,9.874031],[76.349861,9.873192],[76.349586,9.874582]]],[[[76.308472,9.92153],[76.308472,9.92125],[76.308746,9.92125],[76.308746,9.920694],[76.308472,9.92153]]],[[[76.260696,9.970696],[76.260696,9.970418],[76.262077,9.970422],[76.262077,9.97014],[76.260696,9.970696]]],[[[76.272362,9.972915],[76.272362,9.972084],[76.272636,9.972084],[76.272636,9.971806],[76.272362,9.972915]]],[[[76.244308,9.980972],[76.244308,9.978472],[76.244026,9.978472],[76.244026,9.978194],[76.244308,9.980972]]],[[[76.268196,10.00292],[76.268196,10.00264],[76.268471,10.00264],[76.268471,10.002082],[76.268196,10.00292]]],[[[76.241806,10.014311],[76.241806,10.014031],[76.242081,10.014031],[76.242081,10.013751],[76.241806,10.014311]]],[[[76.252914,10.017083],[76.252914,10.013751],[76.253471,10.013751],[76.253471,10.01347],[76.252914,10.017083]]],[[[76.261803,10.029862],[76.261803,10.029306],[76.261528,10.02931],[76.261528,10.02903],[76.261803,10.029862]]],[[[76.265976,10.030694],[76.265976,10.03014],[76.265694,10.03014],[76.265694,10.027918],[76.265976,10.030694]]],[[[76.239861,10.10237],[76.239861,10.102081],[76.240135,10.102083],[76.240135,10.101805],[76.239861,10.10237]]],[[[76.052086,10.53542],[76.052086,10.534581],[76.051804,10.534583],[76.051804,10.534027],[76.052086,10.53542]]],[[[76.050972,10.53903],[76.050972,10.538741],[76.051247,10.53875],[76.051247,10.537918],[76.050972,10.53903]]],[[[75.838196,11.134311],[75.838196,11.13403],[75.83847,11.13403],[75.83847,11.13375],[75.838196,11.134311]]],[[[75.811249,11.161806],[75.811249,11.161528],[75.811531,11.16153],[75.811531,11.160689],[75.811249,11.161806]]],[[[75.366249,11.942084],[75.366249,11.941806],[75.365967,11.941811],[75.365967,11.940692],[75.366249,11.942084]]],[[[75.36792,11.943472],[75.36792,11.94236],[75.368187,11.94236],[75.368187,11.941811],[75.36792,11.943472]]],[[[75.300697,11.963472],[75.300697,11.963196],[75.301247,11.963196],[75.301247,11.962915],[75.300697,11.963472]]],[[[75.296524,11.968472],[75.296524,11.968194],[75.296806,11.968194],[75.296806,11.967916],[75.296524,11.968472]]],[[[75.285416,11.987083],[75.285416,11.986805],[75.285973,11.98681],[75.285973,11.986541],[75.285416,11.987083]]],[[[75.29792,12.017362],[75.29792,12.016249],[75.297638,12.016249],[75.297638,12.015969],[75.29792,12.017362]]],[[[75.297638,12.02375],[75.297638,12.02347],[75.298195,12.023472],[75.298195,12.023194],[75.297638,12.02375]]],[[[75.157639,12.109311],[75.157639,12.109029],[75.157913,12.109031],[75.157913,12.10875],[75.157639,12.109311]]],[[[75.163467,12.115419],[75.163467,12.115141],[75.16375,12.115141],[75.16375,12.114861],[75.163467,12.115419]]],[[[75.194031,12.116251],[75.194031,12.115971],[75.194305,12.115973],[75.194305,12.115417],[75.194031,12.116251]]],[[[75.15403,12.142641],[75.15403,12.142081],[75.154305,12.142083],[75.154305,12.141529],[75.15403,12.142641]]],[[[75.135414,12.185972],[75.135414,12.185694],[75.135971,12.185694],[75.135971,12.185138],[75.135414,12.185972]]],[[[75.131813,12.191531],[75.131813,12.191251],[75.13208,12.191251],[75.13208,12.190961],[75.131813,12.191531]]],[[[75.130142,12.198195],[75.130142,12.197917],[75.130692,12.197922],[75.130692,12.197641],[75.130142,12.198195]]],[[[75.126526,12.205142],[75.126526,12.204862],[75.126808,12.204862],[75.126808,12.204032],[75.126526,12.205142]]],[[[74.996002,12.787981],[75.047806,12.660089],[75.150642,12.676342],[75.2229,12.56264],[75.327858,12.585181],[75.27092,12.55354],[75.336761,12.457782],[75.41449,12.496712],[75.365601,12.407041],[75.419128,12.2864],[75.482727,12.286181],[75.576843,12.15075],[75.795349,12.074231],[75.876747,11.940712],[76.10791,11.970639],[76.116531,11.84304],[76.184036,11.863762],[76.334976,11.73063],[76.407677,11.753331],[76.434219,11.633521],[76.225746,11.56444],[76.240097,11.459641],[76.5382,11.35159],[76.452721,11.18021],[76.725578,11.208891],[76.691177,11.14451],[76.792473,11.042373],[76.70652,11.031351],[76.649162,10.924152],[76.897507,10.7708],[76.87262,10.629432],[76.804993,10.626341],[76.819672,10.29524],[76.970787,10.208651],[77.22216,10.340301],[77.280449,10.207252],[77.187798,10.092502],[77.261421,9.963721],[77.151871,9.60602],[77.340897,9.595051],[77.396233,9.496542],[77.266823,9.29088],[77.251778,9.143041],[77.132179,9.01185],[77.241501,8.864782],[77.155319,8.73756],[77.265083,8.54256],[77.186493,8.493371],[77.159653,8.312501],[76.975418,8.384581],[76.546249,8.90236],[76.490417,9.17014],[76.422638,9.245693],[76.460419,9.140689],[76.310417,9.524028],[76.248466,9.97014],[76.345139,9.713192],[76.320137,9.870694],[76.370697,9.820143],[76.357086,9.525416],[76.502083,9.530695],[76.417923,9.559581],[76.377357,9.864862],[76.21125,10.14375],[76.22403,9.977079],[76.067642,10.544584],[76.041527,10.575421],[76.03347,10.514306],[75.910141,10.79236],[75.858475,11.138472],[75.617363,11.477083],[75.500137,11.798195],[75.453751,11.770139],[75.298737,11.94347],[75.399307,11.915416],[75.374863,11.956532],[75.265419,12.007081],[75.333191,12.010141],[75.309067,12.102661],[75.402519,12.136841],[75.223061,12.10484],[75.200417,12.007361],[75.178749,12.080694],[75.220139,12.070142],[74.866531,12.752641],[74.996002,12.787981]]]]}},{"type":"Feature","properties":{"name":"Lakshadweep"},"geometry":{"type":"MultiPolygon","coordinates":[[[[73.010139,8.28042],[73.010139,8.28014],[73.010406,8.28014],[73.010406,8.27986],[73.010139,8.28042]]],[[[73.080971,8.327642],[73.080971,8.327081],[73.080696,8.327083],[73.080696,8.326249],[73.080971,8.327642]]],[[[72.290138,10.049583],[72.290138,10.049027],[72.289856,10.04903],[72.289856,10.048471],[72.290138,10.049583]]],[[[73.633469,10.070419],[73.633469,10.070141],[73.633751,10.070141],[73.633751,10.068751],[73.633469,10.070419]]],[[[73.629028,10.075142],[73.629028,10.074861],[73.629303,10.074861],[73.629303,10.074583],[73.629028,10.075142]]],[[[73.651527,10.10431],[73.651527,10.102639],[73.651802,10.102639],[73.651802,10.101532],[73.651527,10.10431]]],[[[72.327919,10.13653],[72.327919,10.13625],[72.328194,10.13625],[72.328186,10.135691],[72.327919,10.13653]]],[[[73.660973,10.155973],[73.660973,10.155693],[73.661247,10.155693],[73.661247,10.155139],[73.660973,10.155973]]],[[[72.642082,10.577361],[72.642082,10.577082],[72.645142,10.577082],[72.645142,10.576804],[72.642082,10.577361]]],[[[72.168747,10.814862],[72.168747,10.813472],[72.169029,10.813472],[72.169029,10.813194],[72.168747,10.814862]]],[[[72.172638,10.819861],[72.172638,10.819029],[72.172363,10.819029],[72.172363,10.817921],[72.172638,10.819861]]],[[[73.678467,10.821531],[73.678467,10.82069],[73.677361,10.820695],[73.677361,10.820417],[73.678467,10.821531]]],[[[72.172638,10.819861],[72.172638,10.820141],[72.17292,10.820139],[72.17292,10.820973],[72.172638,10.819861]]],[[[72.291252,10.945972],[72.291252,10.94514],[72.290413,10.945151],[72.290413,10.94486],[72.291252,10.945972]]],[[[72.32653,10.953195],[72.32653,10.95236],[72.326248,10.95236],[72.326248,10.951804],[72.32653,10.953195]]],[[[72.333748,10.958473],[72.333748,10.958195],[72.334305,10.958195],[72.334305,10.955973],[72.333748,10.958473]]],[[[72.731537,11.13625],[72.731537,11.135972],[72.732361,11.135972],[72.732361,11.135694],[72.731537,11.13625]]],[[[72.105698,11.212916],[72.105698,11.21264],[72.105972,11.21264],[72.105972,11.212082],[72.105698,11.212916]]],[[[72.102913,11.21514],[72.102913,11.21486],[72.103203,11.21486],[72.103195,11.214584],[72.102913,11.21514]]],[[[72.790138,11.259861],[72.790138,11.259583],[72.790413,11.259583],[72.790413,11.259027],[72.790138,11.259861]]],[[[73.000969,11.488194],[73.000969,11.487916],[73.001526,11.487921],[73.001526,11.486811],[73.000969,11.488194]]],[[[72.999863,11.497922],[72.999863,11.497361],[73.000137,11.497361],[73.000137,11.497641],[72.999863,11.497922]]],[[[72.186249,11.60126],[72.186249,11.60097],[72.186531,11.600973],[72.186531,11.600417],[72.186249,11.60126]]],[[[72.714027,11.706251],[72.714027,11.705968],[72.714302,11.705973],[72.714302,11.705416],[72.714027,11.706251]]]]}},{"type":"Feature","properties":{"name":"Madhya Pradesh"},"geometry":{"type":"Polygon","coordinates":[[[78.364647,26.868841],[78.565849,26.75769],[78.715347,26.800213],[78.937912,26.662691],[78.993179,26.68457],[78.979622,26.57408],[79.048462,26.456051],[79.126762,26.444811],[79.076797,26.362692],[79.133743,26.344971],[78.942673,26.139141],[79.003151,26.081793],[78.846626,25.8605],[78.861923,25.799198],[78.811249,25.83012],[78.746819,25.74909],[78.805191,25.624557],[78.429337,25.56386],[78.420723,25.477619],[78.295517,25.3748],[78.442917,25.128771],[78.327766,25.08877],[78.327538,24.999559],[78.163803,24.8571],[78.268478,24.667101],[78.219719,24.522779],[78.360947,24.38579],[78.325996,24.329618],[78.38237,24.27393],[78.505371,24.39395],[78.669121,24.24502],[78.760277,24.25849],[78.791687,24.180241],[78.966873,24.353661],[78.984383,24.44136],[78.908592,24.46677],[78.966393,24.496948],[78.881721,24.6397],[78.749466,24.60498],[78.78054,24.814972],[78.622047,24.964901],[78.568581,25.25861],[78.427361,25.288671],[78.525078,25.30653],[78.652718,25.444],[78.701401,25.42886],[78.65789,25.38798],[78.764381,25.3584],[78.743141,25.412701],[78.812912,25.430428],[78.73175,25.50065],[78.834267,25.432461],[78.885536,25.56077],[78.941689,25.551441],[78.903229,25.446938],[78.978508,25.376013],[78.874748,25.387659],[78.783287,25.303181],[78.841751,25.22916],[78.876518,25.34446],[78.955772,25.347761],[78.877136,25.162182],[78.995811,25.195938],[79.004967,25.27697],[79.056442,25.22571],[79.021767,25.14319],[79.084297,25.19253],[79.124336,25.11187],[79.245842,25.161961],[79.276543,25.12026],[79.273598,25.248119],[79.346962,25.214241],[79.340088,25.27276],[79.256508,25.27947],[79.304222,25.339849],[79.352966,25.265381],[79.490402,25.27035],[79.383873,25.17028],[79.399147,25.113461],[79.468376,25.134451],[79.489876,25.08275],[79.565521,25.177551],[79.849213,25.096981],[79.847137,25.2402],[80.255867,25.428711],[80.423698,25.174143],[80.28196,25.063221],[80.314102,25.00351],[80.40992,25.076719],[80.494209,25.045321],[80.476128,25.102251],[80.606781,25.07218],[80.594589,25.155241],[80.673569,25.054171],[80.77594,25.061691],[80.699638,25.13715],[80.827698,25.11031],[80.878036,25.195601],[80.8022,24.94446],[81.076416,24.952261],[81.132446,24.892071],[81.16143,24.958511],[81.212608,24.934521],[81.269119,25.16774],[81.483727,25.07494],[81.472878,25.137121],[81.566399,25.195749],[81.618988,25.159651],[81.604347,25.060749],[81.898468,25.009621],[81.959152,24.83061],[82.195969,24.82453],[82.172882,24.739571],[82.24366,24.775751],[82.229927,24.66964],[82.296417,24.670012],[82.29393,24.613741],[82.409172,24.59783],[82.420151,24.705252],[82.529266,24.65196],[82.657928,24.700397],[82.796371,24.59976],[82.800766,24.552681],[82.712532,24.556219],[82.764137,24.292431],[82.720367,24.13899],[82.657387,24.134798],[82.766258,24.077868],[82.741997,24.0214],[82.807777,23.963058],[82.656517,23.907862],[82.629517,23.839001],[82.496651,23.785049],[81.916443,23.87299],[81.811729,23.8095],[81.661598,23.925598],[81.596909,23.889023],[81.687286,23.72135],[81.569733,23.58865],[81.607048,23.506889],[81.736031,23.56743],[81.916359,23.532091],[81.97612,23.413111],[82.18586,23.32539],[82.151077,23.141741],[81.938103,23.07781],[81.940247,22.95709],[81.769402,22.873508],[81.762726,22.663589],[81.656548,22.632002],[81.615791,22.539021],[81.519066,22.539982],[81.396553,22.44132],[81.322937,22.52433],[81.109993,22.44112],[81.113846,22.29438],[80.971756,22.121481],[81.004272,22.070021],[80.90609,22.114441],[80.818443,21.956791],[80.811203,21.747492],[80.718529,21.711861],[80.730217,21.472052],[80.662918,21.337339],[80.403366,21.37649],[80.370613,21.520969],[80.260223,21.62015],[79.915817,21.524481],[79.73262,21.60253],[79.536621,21.544218],[79.488579,21.674122],[79.228691,21.723928],[79.219902,21.65081],[78.913239,21.59236],[78.931831,21.4874],[78.430099,21.501751],[78.379517,21.61865],[77.938782,21.386909],[77.584442,21.364479],[77.487022,21.37775],[77.416969,21.53306],[77.607117,21.54277],[77.542183,21.701031],[77.475471,21.771441],[77.28624,21.762751],[77.20742,21.69401],[77.072327,21.722931],[76.901123,21.600809],[76.795349,21.59754],[76.784187,21.46649],[76.624527,21.3351],[76.623367,21.192659],[76.487373,21.19606],[76.376373,21.077311],[76.172638,21.0846],[76.098671,21.373928],[75.219856,21.41087],[74.901878,21.63023],[74.558876,21.682081],[74.511223,21.726749],[74.527496,21.908781],[74.446037,22.02652],[74.289711,21.935791],[74.146019,21.95406],[74.097702,22.015459],[74.18071,22.086601],[74.075783,22.221878],[74.071983,22.360241],[74.191063,22.32193],[74.294182,22.394468],[74.190826,22.47788],[74.123001,22.420811],[74.04464,22.542122],[74.15332,22.51742],[74.265358,22.644831],[74.381088,22.638639],[74.47892,22.858641],[74.451477,22.924],[74.362022,22.93309],[74.322777,23.062691],[74.745697,23.212111],[74.518303,23.32873],[74.61338,23.461361],[74.93972,23.630371],[74.905678,23.873911],[74.992989,24.029701],[74.894287,24.261681],[74.752808,24.28266],[74.858131,24.467333],[74.711937,24.510941],[74.817108,24.671671],[74.799316,24.795641],[74.892853,24.65535],[75.021378,24.77286],[74.848892,24.79266],[74.83271,24.967451],[75.043388,24.859228],[75.118866,24.88904],[75.159126,25.045471],[75.345589,25.042801],[75.313873,24.90044],[75.275902,24.97673],[75.261452,24.88966],[75.417099,24.863901],[75.305733,24.81333],[75.208191,24.91],[75.251923,24.83717],[75.185516,24.768051],[75.216949,24.72241],[75.838753,24.72987],[75.908997,24.456141],[75.847252,24.41897],[75.79113,24.475203],[75.726883,24.405279],[75.826881,24.24641],[75.743492,24.139601],[75.833763,24.07543],[75.700409,23.969061],[75.669197,24.033543],[75.583839,23.99192],[75.514381,24.048733],[75.456497,23.92074],[75.582527,23.80036],[75.684479,23.760569],[75.702332,23.904051],[75.777061,23.85387],[75.975822,23.93294],[75.960182,24.02537],[76.134697,24.095289],[76.185486,24.331511],[76.215569,24.216808],[76.469948,24.2314],[76.531433,24.163469],[76.692963,24.285049],[76.701141,24.17144],[76.89994,24.131111],[76.944443,24.206291],[76.840179,24.33872],[76.81459,24.53437],[76.912872,24.54357],[76.965317,24.460861],[77.064697,24.56991],[77.026657,24.71092],[76.847298,24.750401],[76.801582,24.819839],[76.948921,24.872869],[76.854347,25.010311],[77.169579,25.11372],[77.398529,25.113272],[77.361343,25.41296],[77.282982,25.42359],[77.205147,25.31143],[76.770096,25.312191],[76.564278,25.442402],[76.482391,25.71813],[76.592728,25.874168],[76.745468,25.909231],[76.887779,26.093323],[77.124031,26.237951],[77.812996,26.55481],[77.894577,26.66221],[78.085739,26.68305],[78.105522,26.800753],[78.364647,26.868841]]]}},{"type":"Feature","properties":{"name":"Maharashtra"},"geometry":{"type":"MultiPolygon","coordinates":[[[[73.455971,15.889862],[73.455971,15.889584],[73.456253,15.889584],[73.456253,15.889306],[73.455971,15.889862]]],[[[73.462639,15.89042],[73.462639,15.890151],[73.46347,15.890151],[73.46347,15.889859],[73.462639,15.89042]]],[[[73.466248,15.895972],[73.466248,15.895694],[73.466805,15.895694],[73.466805,15.895416],[73.466248,15.895972]]],[[[73.460136,16.045694],[73.460136,16.045416],[73.460419,16.04542],[73.460419,16.045141],[73.460136,16.045694]]],[[[73.443192,16.102638],[73.443192,16.10236],[73.443474,16.102362],[73.443474,16.102083],[73.443192,16.102638]]],[[[73.084297,17.81875],[73.084297,17.818472],[73.084587,17.818472],[73.084587,17.818195],[73.084297,17.81875]]],[[[73.038193,18.052084],[73.038193,18.051525],[73.038483,18.051531],[73.038483,18.05098],[73.038193,18.052084]]],[[[72.965973,18.30125],[72.965973,18.30014],[72.96653,18.30014],[72.96653,18.299862],[72.965973,18.30125]]],[[[73.079033,18.310419],[73.079033,18.310141],[73.079308,18.310141],[73.079308,18.309872],[73.079033,18.310419]]],[[[73.082085,18.322083],[73.082085,18.321251],[73.082359,18.321251],[73.082359,18.320971],[73.082085,18.322083]]],[[[72.864861,18.635695],[72.864861,18.635139],[72.865143,18.635139],[72.865135,18.634581],[72.864861,18.635695]]],[[[72.812637,18.70653],[72.812637,18.706251],[72.81292,18.706251],[72.81292,18.705971],[72.812637,18.70653]]],[[[72.842636,18.708471],[72.842636,18.708195],[72.842918,18.708195],[72.842918,18.707361],[72.842636,18.708471]]],[[[72.901527,18.964312],[72.901527,18.964029],[72.902077,18.964029],[72.902077,18.963751],[72.901527,18.964312]]],[[[72.939026,18.972361],[72.939026,18.97208],[72.939583,18.972086],[72.939583,18.971527],[72.939026,18.972361]]],[[[73.02597,18.999861],[73.02597,18.99958],[73.027084,18.999584],[73.027084,18.999306],[73.02597,18.999861]]],[[[72.781807,19.13542],[72.781807,19.135139],[72.782631,19.135139],[72.782631,19.134861],[72.781807,19.13542]]],[[[72.731247,19.468472],[72.731247,19.468197],[72.731537,19.468201],[72.731537,19.46792],[72.731247,19.468472]]],[[[74.435547,22.030998],[74.527496,21.908781],[74.511757,21.724951],[74.590553,21.66416],[74.901878,21.63023],[75.301903,21.38925],[76.098671,21.373928],[76.172722,21.18829],[76.114319,21.17046],[76.135666,21.126211],[76.281769,21.07531],[76.45269,21.114868],[76.491173,21.197821],[76.623367,21.192659],[76.624527,21.3351],[76.784187,21.46649],[76.795349,21.59754],[76.901123,21.600809],[77.072327,21.722931],[77.20742,21.69401],[77.28624,21.762751],[77.475471,21.771441],[77.542183,21.701031],[77.607117,21.54277],[77.416969,21.53306],[77.487022,21.37775],[77.584442,21.364479],[77.938782,21.386909],[78.379517,21.61865],[78.430099,21.501751],[78.931831,21.4874],[78.913239,21.59236],[79.219902,21.65081],[79.228691,21.723928],[79.488579,21.674122],[79.536621,21.544218],[79.73262,21.60253],[79.915817,21.524481],[80.260223,21.62015],[80.370613,21.520969],[80.403366,21.37649],[80.511406,21.391861],[80.67379,21.30908],[80.457298,21.17284],[80.433319,21.097151],[80.455559,20.93211],[80.54184,20.93392],[80.580116,20.683641],[80.481598,20.6171],[80.622322,20.603863],[80.617767,20.333681],[80.382957,20.24172],[80.393837,20.14402],[80.498032,20.13892],[80.546158,20.06571],[80.520378,19.93088],[80.406296,19.932501],[80.49752,19.86875],[80.394707,19.794579],[80.542427,19.819271],[80.66584,19.692211],[80.656853,19.612261],[80.827606,19.562672],[80.892067,19.465681],[80.787933,19.426701],[80.845009,19.36091],[80.749237,19.286741],[80.610153,19.30714],[80.567818,19.400921],[80.475586,19.335043],[80.267723,18.987329],[80.346222,18.811081],[80.242157,18.759748],[80.246666,18.701321],[80.110817,18.676189],[79.894012,18.830839],[79.934486,19.0217],[79.859589,19.03463],[79.858047,19.104111],[79.943207,19.170601],[79.973053,19.40102],[79.785423,19.59359],[79.470421,19.497452],[79.243866,19.612553],[79.177788,19.460691],[78.954552,19.55183],[78.968956,19.649233],[78.858803,19.656311],[78.845627,19.75835],[78.493919,19.79315],[78.310196,19.912741],[78.294128,19.84955],[78.367737,19.78108],[78.269722,19.66313],[78.308891,19.456409],[78.182167,19.41177],[78.170059,19.23633],[78.051132,19.24176],[77.948921,19.34128],[77.860878,19.30213],[77.905708,19.26722],[77.848137,19.09008],[77.757393,19.028551],[77.942551,18.82229],[77.837463,18.807461],[77.732857,18.676001],[77.736511,18.55481],[77.597267,18.547541],[77.601067,18.474211],[77.546196,18.463383],[77.585213,18.44545],[77.52594,18.427351],[77.570229,18.30818],[77.465393,18.25996],[77.362526,18.30829],[77.41011,18.388531],[77.317413,18.453791],[77.108887,18.152691],[76.954109,18.184891],[76.916443,17.915091],[76.740677,17.89801],[76.78817,17.826471],[76.690552,17.679953],[76.614449,17.768312],[76.573227,17.702169],[76.523697,17.75889],[76.489296,17.660669],[76.331673,17.59487],[76.381706,17.31181],[76.244362,17.37468],[76.175758,17.297211],[76.121208,17.366341],[75.931152,17.32411],[75.887238,17.41733],[75.802338,17.370102],[75.63559,17.47751],[75.578537,17.382931],[75.659889,17.26144],[75.674606,16.96027],[75.575798,17.007799],[75.492493,16.9429],[75.467911,16.985331],[75.288437,16.954773],[75.215858,16.84034],[75.090416,16.94865],[74.938393,16.94099],[74.92382,16.769951],[74.698196,16.7152],[74.690376,16.60446],[74.574051,16.55197],[74.477386,16.66078],[74.389923,16.527901],[74.271553,16.53866],[74.36911,16.394329],[74.333839,16.26807],[74.421227,16.28059],[74.513298,16.201229],[74.48909,16.08732],[74.368156,16.052959],[74.470276,16.040541],[74.411583,15.852591],[74.344536,15.852051],[74.389313,15.84414],[74.364853,15.773651],[74.250069,15.74118],[74.227348,15.785671],[74.027931,15.6046],[73.873497,15.795321],[73.797569,15.725092],[73.677086,15.725417],[73.454865,16.05514],[73.435699,16.28653],[73.36792,16.36347],[73.405418,16.404861],[73.316246,16.51347],[73.394028,16.552641],[73.316803,16.600969],[73.333191,16.81653],[73.254303,17.027361],[73.319862,17.038195],[73.189308,17.29792],[73.244026,17.307362],[73.167084,17.405138],[73.205696,17.43903],[73.08847,17.808201],[73.132637,17.830139],[72.930969,18.220417],[72.963196,18.280701],[73.092636,18.162916],[73.042923,18.297079],[73.087906,18.326811],[73.027916,18.264305],[72.914017,18.354853],[72.928467,18.541811],[72.855141,18.69681],[72.869308,18.804583],[72.982643,18.80958],[72.988747,18.865973],[72.907913,18.902084],[73.032349,18.99931],[72.963196,19.058472],[72.80764,18.89097],[72.830971,19.177641],[72.780136,19.16625],[72.839577,19.267361],[72.78125,19.194571],[72.744583,19.462921],[72.786247,19.525972],[72.718193,19.53875],[72.719307,19.75514],[72.650696,19.854311],[72.69014,19.958195],[72.75486,19.927361],[72.73764,20.136539],[72.835342,20.144642],[72.874542,20.225809],[72.970428,20.21233],[73.045273,20.071781],[73.181442,20.05162],[73.31115,20.207211],[73.426826,20.201571],[73.39135,20.3902],[73.50074,20.540241],[73.401581,20.64921],[73.458687,20.714319],[73.670708,20.56234],[73.838287,20.615761],[73.822647,20.693821],[73.949532,20.74231],[73.906448,20.98315],[73.774857,21.01045],[73.752609,21.11409],[73.588303,21.1679],[73.822548,21.171921],[73.832138,21.26745],[73.948486,21.29755],[73.952843,21.40237],[74.048546,21.41943],[74.067162,21.481932],[74.305916,21.479391],[74.335518,21.54023],[74.069206,21.559509],[73.860786,21.495823],[73.787613,21.62505],[73.896362,21.700281],[73.810516,21.823338],[74.138161,21.953371],[74.290649,21.93606],[74.435547,22.030998]]]]}},{"type":"Feature","properties":{"name":"Manipur"},"geometry":{"type":"Polygon","coordinates":[[[94.577232,25.648331],[94.557419,25.51277],[94.682426,25.45973],[94.585358,25.21575],[94.745659,25.136591],[94.74221,25.025249],[94.610847,24.722113],[94.550987,24.716539],[94.326347,24.338949],[94.161461,23.852779],[93.953781,23.950199],[93.815987,23.929829],[93.756943,24.009493],[93.508713,23.9489],[93.351433,24.112419],[93.255287,24.02379],[93.248016,24.085339],[93.100922,24.04509],[93.079491,24.10297],[92.976379,24.11482],[93.109787,24.80974],[93.197357,24.81126],[93.403572,25.263071],[93.474022,25.30928],[93.608017,25.202051],[93.808998,25.46559],[93.770638,25.540279],[93.836487,25.563061],[94.014732,25.59613],[94.308983,25.493801],[94.573013,25.697651],[94.577232,25.648331]]]}},{"type":"Feature","properties":{"name":"Meghalaya"},"geometry":{"type":"Polygon","coordinates":[[[91.853836,26.10479],[91.922096,25.999531],[92.301582,26.07649],[92.156319,25.944799],[92.225479,25.907049],[92.153107,25.81275],[92.160698,25.67186],[92.385101,25.753563],[92.572502,25.560421],[92.660477,25.58506],[92.567413,25.46747],[92.78437,25.332539],[92.80442,25.21933],[92.621643,25.117701],[92.524666,25.14003],[92.459763,25.035181],[92.07177,25.189623],[91.644531,25.122721],[91.617416,25.175911],[91.474068,25.13386],[91.273788,25.204308],[90.452362,25.144503],[89.834267,25.29567],[89.870102,25.544222],[90.01844,25.608391],[89.895416,25.74412],[90.118652,25.96126],[90.477287,26.015261],[90.512543,25.89624],[90.582458,25.959791],[90.624809,25.898899],[90.686043,25.950809],[90.778061,25.908291],[90.942749,25.947571],[91.029221,25.888048],[91.000786,25.82225],[91.19648,25.859011],[91.223877,25.723419],[91.333557,25.83884],[91.525406,25.87289],[91.475937,25.878038],[91.575836,26.03311],[91.669312,25.90539],[91.731262,26.05921],[91.853836,26.10479]]]}},{"type":"Feature","properties":{"name":"Mizoram"},"geometry":{"type":"Polygon","coordinates":[[[92.800797,24.41905],[93.024353,24.390471],[92.976379,24.11482],[93.079491,24.10297],[93.100922,24.04509],[93.147911,24.088091],[93.248016,24.085339],[93.255287,24.02379],[93.337372,24.0534],[93.444702,23.682428],[93.365807,23.354481],[93.393646,23.138613],[93.297722,23.005798],[93.132942,23.047501],[93.16835,22.91913],[93.091751,22.709341],[93.20858,22.261068],[93.14711,22.24654],[93.154411,22.17819],[93.046661,22.19762],[93.009247,21.983931],[92.955803,22.029921],[92.910889,21.94623],[92.867737,22.065363],[92.717888,22.15263],[92.684357,22.01791],[92.60968,21.976837],[92.526978,22.676161],[92.447533,22.893591],[92.375427,22.934881],[92.361099,23.237537],[92.40863,23.24608],[92.259399,23.814991],[92.331146,23.911802],[92.296608,24.25173],[92.422379,24.253111],[92.465973,24.13475],[92.690666,24.354801],[92.765198,24.520849],[92.800797,24.41905]]]}},{"type":"Feature","properties":{"name":"Nagaland"},"geometry":{"type":"Polygon","coordinates":[[[95.214447,26.936951],[95.237633,26.686291],[95.066307,26.456779],[95.135742,26.387833],[95.120567,26.109741],[95.185699,26.080351],[95.021866,25.91],[95.052528,25.762659],[94.904991,25.56711],[94.632973,25.465658],[94.557419,25.51277],[94.573013,25.697651],[94.313538,25.494471],[94.014732,25.59613],[93.836487,25.563061],[93.770638,25.540279],[93.808998,25.46559],[93.612579,25.20619],[93.505142,25.244131],[93.461868,25.434698],[93.331741,25.54681],[93.773018,25.966021],[93.795761,25.81435],[93.979393,25.91968],[94.004807,26.173271],[94.175507,26.344219],[94.276741,26.55884],[94.316513,26.462931],[94.464523,26.667511],[94.756371,26.772268],[94.923767,26.950331],[95.021347,26.9254],[95.195518,27.04295],[95.214447,26.936951]]]}},{"type":"Feature","properties":{"name":"Odisha"},"geometry":{"type":"MultiPolygon","coordinates":[[[[84.769859,19.105972],[84.769859,19.10486],[84.769577,19.10486],[84.769577,19.104311],[84.769859,19.105972]]],[[[84.756531,19.110971],[84.756531,19.110416],[84.756805,19.110416],[84.756805,19.109861],[84.756531,19.110971]]],[[[84.783195,19.110971],[84.783195,19.110695],[84.78347,19.110695],[84.78347,19.11014],[84.783195,19.110971]]],[[[86.240555,19.909447],[86.24028,19.909164],[86.239906,19.909164],[86.239723,19.909164],[86.240555,19.909447]]],[[[86.372498,19.954445],[86.371666,19.953611],[86.371506,19.953758],[86.370934,19.953894],[86.372498,19.954445]]],[[[86.386948,19.962776],[86.386948,19.962231],[86.385826,19.961111],[86.385559,19.961111],[86.386948,19.962776]]],[[[86.392487,19.966108],[86.39222,19.96583],[86.391945,19.965834],[86.391045,19.965511],[86.392487,19.966108]]],[[[86.368607,19.97389],[86.368889,19.97361],[86.370461,19.973612],[86.37233,19.973518],[86.368607,19.97389]]],[[[86.321106,19.98806],[86.320557,19.98806],[86.32,19.988611],[86.32,19.989164],[86.321106,19.98806]]],[[[86.321388,19.99889],[86.321388,19.99778],[86.321663,19.997499],[86.321663,19.99667],[86.321388,19.99889]]],[[[86.335571,19.990829],[86.335564,19.989817],[86.335571,19.98955],[86.335281,19.98889],[86.335571,19.990829]]],[[[86.310425,20.016247],[86.310555,20.016111],[86.311386,20.016111],[86.311943,20.015554],[86.310425,20.016247]]],[[[86.253052,20.02528],[86.253326,20.025],[86.254448,20.025],[86.254723,20.024721],[86.253052,20.02528]]],[[[86.410851,20.01833],[86.410278,20.017776],[86.409996,20.01778],[86.409721,20.0175],[86.410851,20.01833]]],[[[86.272499,20.024445],[86.271942,20.02389],[86.271667,20.02389],[86.269722,20.021938],[86.272499,20.024445]]],[[[86.320274,20.029444],[86.320557,20.029165],[86.320984,20.029173],[86.321304,20.029137],[86.320274,20.029444]]],[[[86.315002,20.03167],[86.315552,20.031111],[86.315826,20.031111],[86.316109,20.03083],[86.315002,20.03167]]],[[[86.265831,20.033611],[86.266113,20.033333],[86.266388,20.033333],[86.26667,20.033056],[86.265831,20.033611]]],[[[86.309998,20.040833],[86.31028,20.040554],[86.310837,20.040571],[86.311111,20.040279],[86.309998,20.040833]]],[[[86.300552,20.0425],[86.300827,20.042221],[86.301109,20.042223],[86.303055,20.040277],[86.300552,20.0425]]],[[[86.426392,20.03861],[86.426109,20.03833],[86.425552,20.038334],[86.424721,20.0375],[86.426392,20.03861]]],[[[86.294998,20.049723],[86.295555,20.049166],[86.29583,20.049166],[86.296387,20.049723],[86.294998,20.049723]]],[[[86.270279,20.058058],[86.269997,20.057781],[86.269997,20.05722],[86.270279,20.056944],[86.270279,20.058058]]],[[[86.263351,20.05806],[86.261673,20.056391],[86.261391,20.056391],[86.260292,20.055281],[86.263351,20.05806]]],[[[86.437225,20.059444],[86.438057,20.058611],[86.437767,20.058321],[86.4375,20.058332],[86.437225,20.059444]]],[[[86.491112,20.149723],[86.491386,20.149445],[86.491669,20.149445],[86.491669,20.148054],[86.491112,20.149723]]],[[[86.501663,20.17584],[86.501953,20.17556],[86.502502,20.17556],[86.502777,20.17528],[86.501663,20.17584]]],[[[86.552971,20.205271],[86.552612,20.205271],[86.552689,20.205811],[86.553329,20.206417],[86.552971,20.205271]]],[[[86.791664,20.373611],[86.791946,20.373335],[86.792221,20.373335],[86.792503,20.373056],[86.791664,20.373611]]],[[[86.793907,20.37993],[86.794357,20.379669],[86.794693,20.37937],[86.794907,20.37907],[86.793907,20.37993]]],[[[86.793053,20.384171],[86.792778,20.38389],[86.791107,20.385563],[86.791656,20.38611],[86.793053,20.384171]]],[[[86.80278,20.420834],[86.803612,20.419998],[86.803886,20.419998],[86.804169,20.41972],[86.80278,20.420834]]],[[[86.789726,20.387609],[86.789398,20.387541],[86.788979,20.38777],[86.789047,20.388151],[86.789726,20.387609]]],[[[86.802727,20.459473],[86.802597,20.459473],[86.802025,20.459538],[86.801521,20.459673],[86.802727,20.459473]]],[[[86.805275,20.491945],[86.806389,20.490833],[86.806389,20.490555],[86.806946,20.490002],[86.805275,20.491945]]],[[[86.874161,20.673611],[86.873886,20.67333],[86.873611,20.673334],[86.873199,20.673143],[86.874161,20.673611]]],[[[86.798058,20.691942],[86.797844,20.690306],[86.79763,20.689821],[86.79763,20.689226],[86.798058,20.691942]]],[[[87.003021,20.710791],[87.002304,20.710333],[87.002167,20.7106],[87.002167,20.710873],[87.003021,20.710791]]],[[[87.008514,20.708122],[87.00766,20.707989],[87.005226,20.707991],[87.004448,20.708061],[87.008514,20.708122]]],[[[87.05751,20.744358],[87.05761,20.74395],[87.057426,20.743679],[87.057129,20.74387],[87.05751,20.744358]]],[[[87.070557,20.736214],[87.070389,20.735516],[87.07,20.735277],[87.069443,20.735834],[87.070557,20.736214]]],[[[87.090836,20.757521],[87.09111,20.757187],[87.0914,20.756882],[87.091721,20.756622],[87.090836,20.757521]]],[[[86.870651,20.771778],[86.991943,20.771112],[87.000549,20.71417],[86.859177,20.664721],[86.878326,20.733061],[86.853523,20.656725],[86.773796,20.646387],[86.870651,20.771778]]],[[[86.875275,20.775833],[86.875557,20.775555],[86.876114,20.775555],[86.876945,20.774723],[86.875275,20.775833]]],[[[86.86499,20.781111],[86.86528,20.78084],[86.865547,20.78084],[86.865837,20.78056],[86.86499,20.781111]]],[[[86.984169,20.782223],[86.984444,20.781944],[86.985001,20.781944],[86.986115,20.780834],[86.984169,20.782223]]],[[[86.948128,20.784571],[86.948135,20.784237],[86.947777,20.783901],[86.947281,20.783901],[86.948128,20.784571]]],[[[86.881943,20.78861],[86.882233,20.78833],[86.886665,20.788336],[86.886948,20.788055],[86.881943,20.78861]]],[[[87.01651,20.80283],[87.01651,20.800671],[87.016792,20.799049],[87.016792,20.798241],[87.01651,20.80283]]],[[[87.123886,21.51972],[87.123886,21.517778],[87.123756,21.5175],[87.123611,21.514999],[87.123886,21.51972]]],[[[86.078346,22.530411],[86.433357,22.30154],[86.499947,22.340952],[86.72097,22.216841],[86.715446,22.143492],[86.967056,22.077751],[87.026047,22.028749],[87.030243,21.865311],[87.094643,21.86034],[87.167442,21.97341],[87.234848,21.95438],[87.271561,21.8034],[87.466057,21.725191],[87.48111,21.607779],[87.106949,21.517735],[86.822502,21.19389],[86.970276,20.82333],[86.827766,20.771669],[86.755699,20.613344],[86.802238,20.675211],[87.045189,20.709484],[86.733887,20.479166],[86.769173,20.331112],[86.459999,20.162222],[86.47139,20.0975],[86.558891,20.200281],[86.387497,19.976389],[86.249893,20.055281],[86.362663,19.95278],[85.419197,19.62307],[84.905693,19.269583],[84.777916,19.11014],[84.665016,19.156731],[84.591843,19.12384],[84.664589,19.066292],[84.590118,19.01338],[84.566139,19.065039],[84.471657,18.98122],[84.415131,19.013861],[84.42939,18.913683],[84.312492,18.77919],[84.081779,18.74464],[83.886879,18.805408],[83.788307,19.007811],[83.745827,18.918173],[83.623283,19.153631],[83.531387,19.005421],[83.459396,19.069672],[83.455482,18.94558],[83.305267,18.989681],[83.396301,18.830709],[83.205063,18.71586],[83.132957,18.772449],[83.009682,18.63653],[83.089333,18.53791],[83.015411,18.444429],[83.053391,18.375299],[82.902748,18.355911],[82.799171,18.439402],[82.767052,18.331079],[82.626877,18.228741],[82.474007,18.536833],[82.36129,18.40991],[82.334442,18.317133],[82.393013,18.30644],[82.306099,18.19566],[82.364296,18.134859],[82.26725,17.986441],[82.024658,18.05788],[81.611153,17.815363],[81.384972,17.806593],[81.527962,18.259081],[81.744911,18.34535],[81.946907,18.559151],[81.885376,18.65033],[82.078583,18.712082],[82.172729,18.895288],[82.239563,18.91046],[82.159782,19.12648],[82.18306,19.41761],[82.022392,19.501802],[82.05983,19.783098],[81.849632,19.908051],[81.866539,20.036039],[81.941353,20.102251],[82.024406,20.01004],[82.057899,20.04987],[82.230629,19.998081],[82.339447,19.829962],[82.44239,19.902983],[82.593498,19.86454],[82.58506,19.771049],[82.702713,19.831039],[82.707489,19.990219],[82.390862,20.059589],[82.429169,20.425753],[82.324013,20.553881],[82.346619,20.883848],[82.459053,20.823841],[82.622307,21.03657],[82.635941,21.14945],[82.95607,21.175489],[83.119843,21.101061],[83.267677,21.268578],[83.27002,21.375038],[83.402657,21.348431],[83.334633,21.49555],[83.380722,21.612751],[83.484543,21.625563],[83.419746,21.67502],[83.467178,21.78274],[83.584473,21.843601],[83.532448,22.034048],[83.600319,22.06551],[83.557266,22.099979],[83.626282,22.205858],[84.004211,22.367661],[84.041557,22.464109],[83.994293,22.528811],[84.289223,22.33732],[85.062492,22.478411],[85.114456,22.290489],[84.987427,22.076738],[85.095436,22.099451],[85.230942,22.000271],[85.363197,22.15457],[85.681503,22.04878],[85.802048,22.11083],[85.76075,21.989719],[85.905426,21.966631],[86.026718,22.185223],[85.969788,22.243401],[86.043289,22.30619],[85.958138,22.476181],[86.03849,22.563589],[86.078346,22.530411]]]]}},{"type":"Feature","properties":{"name":"Puducherry"},"geometry":{"type":"MultiPolygon","coordinates":[[[[79.844856,10.826532],[79.844856,10.826251],[79.845413,10.826251],[79.845413,10.825691],[79.844856,10.826532]]],[[[79.748238,10.981531],[79.854576,10.976022],[79.85125,10.813771],[79.704231,10.918871],[79.748238,10.981531]]],[[[79.690483,12.001121],[79.749649,11.986131],[79.7369,11.90717],[79.837639,11.94055],[79.800415,11.808399],[79.659073,11.865669],[79.724899,11.89151],[79.642342,11.975811],[79.690483,12.001121]]],[[[75.374603,12.14908],[75.26458,12.01931],[75.295975,11.947916],[75.22113,12.100951],[75.374603,12.14908]]],[[[82.265686,16.702921],[82.265686,16.702631],[82.267914,16.702639],[82.267914,16.702362],[82.265686,16.702921]]],[[[82.210968,16.72794],[82.214783,16.725201],[82.220421,16.718309],[82.227043,16.71718],[82.210968,16.72794]]]]}},{"type":"Feature","properties":{"name":"Punjab"},"geometry":{"type":"Polygon","coordinates":[[[75.868767,32.488682],[75.932167,32.416821],[75.622543,32.23468],[75.661827,32.164669],[75.578758,32.08168],[75.894547,31.9498],[76.172829,31.30674],[76.296097,31.319201],[76.363136,31.441351],[76.431137,31.282841],[76.625946,31.227091],[76.610069,31.00423],[76.846786,30.792521],[76.690681,30.74666],[76.862228,30.679272],[76.927299,30.388639],[76.880226,30.359701],[76.757866,30.43889],[76.715157,30.332911],[76.547638,30.264921],[76.638916,30.20594],[76.601051,30.080231],[76.452087,30.10071],[76.410202,30.20229],[76.322899,30.108221],[76.203873,30.158901],[76.254997,30.10458],[76.16629,29.928659],[76.242012,29.869028],[76.041481,29.748781],[75.87928,29.74707],[75.771622,29.82539],[75.568787,29.74262],[75.444267,29.80785],[75.296066,29.568081],[75.22348,29.546171],[75.157837,29.66271],[75.23098,29.752068],[75.182343,29.838701],[75.154053,29.781019],[75.090179,29.806662],[75.084801,29.91514],[74.989929,29.856461],[74.801178,29.992573],[74.639633,29.90395],[73.891182,29.97007],[73.968109,30.184299],[73.873215,30.383438],[74.281807,30.730234],[74.316147,30.847582],[74.538116,30.993542],[74.558395,31.067526],[74.694427,31.09544],[74.62146,31.137032],[74.551933,31.085621],[74.504593,31.13851],[74.511116,31.272331],[74.642067,31.459961],[74.5662,31.500839],[74.600906,31.567839],[74.517281,31.722912],[74.599106,31.885111],[74.809143,31.955139],[74.914261,32.06522],[75.004929,32.028755],[75.239166,32.087151],[75.363152,32.23468],[75.325302,32.342842],[75.472237,32.34005],[75.498947,32.27533],[75.872543,32.576191],[75.868767,32.488682]]]}},{"type":"Feature","properties":{"name":"Rajasthan"},"geometry":{"type":"Polygon","coordinates":[[[73.889442,29.97761],[74.519066,29.94335],[74.553566,29.865641],[74.465263,29.78755],[74.472,29.74403],[74.6054,29.75288],[74.566536,29.563499],[74.614403,29.527111],[74.529106,29.449539],[74.595779,29.328312],[74.841133,29.40407],[75.078079,29.23245],[75.395706,29.26194],[75.361153,29.14262],[75.434738,29.016541],[75.511101,29.01083],[75.467079,28.92625],[75.55571,28.614592],[75.778229,28.457611],[75.770317,28.407619],[75.922379,28.36891],[76.092888,28.155218],[76.027748,28.172722],[75.936089,28.093531],[76.035629,28.07398],[75.923622,27.93309],[75.963081,27.864731],[76.223282,27.840931],[76.154938,27.998991],[76.213829,28.031681],[76.177338,28.059259],[76.3368,28.029661],[76.297401,28.101049],[76.355606,28.12845],[76.288857,28.182673],[76.470993,28.154741],[76.497658,28.064732],[76.453728,28.049669],[76.538521,28.03912],[76.538193,27.970541],[76.660072,28.019051],[76.64785,28.092211],[76.805809,28.215891],[76.899849,28.204769],[76.961761,28.144011],[76.902626,27.65852],[77.079216,27.738411],[77.038277,27.820042],[77.295387,27.799841],[77.335136,27.530022],[77.431892,27.399158],[77.614113,27.34339],[77.672997,27.200361],[77.498413,27.09519],[77.627403,27.015501],[77.755013,27.02276],[77.42247,26.86702],[77.448311,26.74675],[77.497978,26.84795],[77.604507,26.832802],[77.75338,26.937738],[78.00666,26.910662],[78.022026,26.86087],[78.114899,26.954861],[78.262238,26.923512],[78.191139,26.888611],[78.179756,26.79357],[78.099831,26.797009],[78.085739,26.68305],[77.894577,26.66221],[77.812996,26.55481],[77.124031,26.237951],[76.887779,26.093323],[76.745468,25.909231],[76.592728,25.874168],[76.482391,25.71813],[76.564278,25.442402],[76.770096,25.312191],[77.205147,25.31143],[77.282982,25.42359],[77.361343,25.41296],[77.398529,25.113272],[77.169579,25.11372],[76.854347,25.010311],[76.948921,24.872869],[76.801582,24.819839],[76.847298,24.750401],[77.026657,24.71092],[77.064697,24.56991],[76.965317,24.460861],[76.912872,24.54357],[76.81459,24.53437],[76.840179,24.33872],[76.944443,24.206291],[76.89994,24.131111],[76.701141,24.17144],[76.692963,24.285049],[76.531433,24.163469],[76.469948,24.2314],[76.215569,24.216808],[76.185486,24.331511],[76.134697,24.095289],[75.960182,24.02537],[75.975822,23.93294],[75.777061,23.85387],[75.702332,23.904051],[75.684479,23.760569],[75.582527,23.80036],[75.456497,23.92074],[75.514381,24.048733],[75.583839,23.99192],[75.669197,24.033543],[75.700409,23.969061],[75.833763,24.07543],[75.743492,24.139601],[75.826881,24.24641],[75.726883,24.405279],[75.79113,24.475203],[75.847252,24.41897],[75.908997,24.456141],[75.838753,24.72987],[75.216949,24.72241],[75.185516,24.768051],[75.251923,24.83717],[75.208191,24.91],[75.305733,24.81333],[75.417099,24.863901],[75.261452,24.88966],[75.275902,24.97673],[75.313873,24.90044],[75.345589,25.042801],[75.159126,25.045471],[75.118866,24.88904],[75.043388,24.859228],[74.846352,24.974291],[74.848892,24.79266],[75.020233,24.752768],[74.892853,24.65535],[74.799316,24.795641],[74.817108,24.671671],[74.711937,24.510941],[74.858131,24.467333],[74.752808,24.28266],[74.894287,24.261681],[74.992989,24.029701],[74.905678,23.873911],[74.93972,23.630371],[74.61338,23.461361],[74.518303,23.32873],[74.745697,23.212111],[74.322777,23.062691],[74.246033,23.188259],[74.127022,23.17885],[74.133781,23.269451],[73.971031,23.377138],[73.894272,23.337139],[73.83213,23.446751],[73.632751,23.452393],[73.660736,23.622902],[73.513489,23.616812],[73.508537,23.703331],[73.362648,23.78743],[73.424683,23.931061],[73.373466,24.128139],[73.245827,24.01071],[73.223816,24.098221],[73.082687,24.18498],[73.231476,24.36466],[73.084961,24.39447],[73.094383,24.494728],[73.000343,24.470631],[72.991463,24.363972],[72.923912,24.326323],[72.732536,24.361271],[72.69725,24.457211],[72.544579,24.506851],[72.464676,24.40712],[72.44249,24.50425],[72.250999,24.58016],[72.353783,24.618101],[72.165398,24.6145],[72.05249,24.70579],[71.944191,24.62678],[71.876472,24.675159],[71.858391,24.60417],[71.798988,24.670521],[71.488319,24.673851],[71.297737,24.607641],[71.119278,24.66865],[70.945488,24.934542],[70.89431,25.144058],[70.674171,25.38932],[70.665962,25.697229],[70.279617,25.70126],[70.096077,25.944317],[70.082573,26.073858],[70.172668,26.245077],[70.16774,26.550743],[69.815361,26.592157],[69.483734,26.806231],[69.586662,27.177984],[70.016266,27.555996],[70.156952,27.834049],[70.366165,28.008249],[70.56263,28.019802],[70.757668,27.717209],[70.884171,27.6984],[71.272957,27.841928],[71.658287,27.868931],[71.897377,27.95742],[71.933258,28.12686],[72.184425,28.358006],[72.384697,28.763941],[72.941719,29.027201],[73.271317,29.556961],[73.391373,29.93787],[73.787216,30.066401],[73.966316,30.195049],[73.889442,29.97761]]]}},{"type":"Feature","properties":{"name":"Sikkim"},"geometry":{"type":"Polygon","coordinates":[[[88.645256,28.099121],[88.829056,28.01516],[88.881386,27.89253],[88.846611,27.6689],[88.767067,27.56496],[88.907272,27.283541],[88.801102,27.24758],[88.732536,27.13735],[88.55899,27.188751],[88.431946,27.08161],[88.092667,27.136278],[88.016968,27.218872],[88.082619,27.426414],[88.046333,27.495766],[88.203926,27.837315],[88.123909,27.95092],[88.389801,27.978081],[88.607468,28.12755],[88.645256,28.099121]]]}},{"type":"Feature","properties":{"name":"Tamil Nadu"},"geometry":{"type":"MultiPolygon","coordinates":[[[[77.555962,8.079031],[77.555962,8.078751],[77.556252,8.078751],[77.556252,8.078471],[77.555962,8.079031]]],[[[78.115417,8.616809],[78.115417,8.615971],[78.115692,8.615973],[78.115692,8.615695],[78.115417,8.616809]]],[[[78.121246,8.617361],[78.121246,8.616807],[78.120972,8.616809],[78.120972,8.616531],[78.121246,8.617361]]],[[[78.12014,8.637921],[78.12014,8.637641],[78.120407,8.637641],[78.120407,8.63736],[78.12014,8.637921]]],[[[78.12764,8.647922],[78.12764,8.645141],[78.127907,8.645141],[78.127907,8.643468],[78.12764,8.647922]]],[[[78.117081,8.65653],[78.117081,8.65542],[78.117363,8.65542],[78.117363,8.654859],[78.117081,8.65653]]],[[[78.208473,8.840971],[78.208473,8.840693],[78.20903,8.840693],[78.20903,8.840418],[78.208473,8.840971]]],[[[78.224861,8.87375],[78.224861,8.873192],[78.225418,8.873194],[78.225418,8.872916],[78.224861,8.87375]]],[[[78.252907,8.957921],[78.252907,8.95736],[78.253197,8.957362],[78.253197,8.957084],[78.252907,8.957921]]],[[[78.491806,9.093194],[78.491806,9.092916],[78.492088,9.092921],[78.492088,9.09236],[78.491806,9.093194]]],[[[78.539307,9.105973],[78.539307,9.105695],[78.539581,9.105695],[78.539581,9.105417],[78.539307,9.105973]]],[[[78.580414,9.112362],[78.580414,9.112084],[78.580971,9.112084],[78.580971,9.111806],[78.580414,9.112362]]],[[[78.487915,9.134861],[78.487915,9.134305],[78.48764,9.13431],[78.48764,9.1332],[78.487915,9.134861]]],[[[78.696251,9.155141],[78.696251,9.153751],[78.696526,9.153751],[78.696526,9.151251],[78.696251,9.155141]]],[[[78.730698,9.156251],[78.730698,9.155971],[78.730972,9.155973],[78.730972,9.155695],[78.730698,9.156251]]],[[[78.828194,9.17125],[78.828186,9.170972],[78.828476,9.170972],[78.828476,9.170416],[78.828194,9.17125]]],[[[78.940697,9.184583],[78.940697,9.184305],[78.940422,9.184312],[78.940422,9.184031],[78.940697,9.184583]]],[[[78.967651,9.18931],[78.967651,9.18903],[78.968193,9.18903],[78.968193,9.188471],[78.967651,9.18931]]],[[[79.070137,9.208195],[79.070137,9.207083],[79.069862,9.207083],[79.069862,9.206805],[79.070137,9.208195]]],[[[79.142067,9.214861],[79.142067,9.214029],[79.141808,9.214029],[79.141808,9.213471],[79.142067,9.214861]]],[[[79.125687,9.21792],[79.125687,9.217642],[79.128197,9.217642],[79.128197,9.217362],[79.125687,9.21792]]],[[[79.232353,9.24459],[79.232353,9.24431],[79.232643,9.24431],[79.232643,9.244032],[79.232353,9.24459]]],[[[79.184029,9.24903],[79.184029,9.24875],[79.184303,9.24875],[79.184303,9.248191],[79.184029,9.24903]]],[[[79.219025,9.250972],[79.219025,9.250694],[79.219307,9.250694],[79.219307,9.250416],[79.219025,9.250972]]],[[[79.312363,9.328472],[79.439857,9.158195],[79.214584,9.254028],[79.312363,9.328472]]],[[[79.529305,9.384028],[79.529137,9.384028],[79.529305,9.384197],[79.529305,9.384028],[79.529305,9.384028]]],[[[79.53009,9.385958],[79.530136,9.385694],[79.529984,9.385694],[79.53009,9.385958],[79.53009,9.385958]]],[[[79.53009,9.385958],[79.530083,9.386118],[79.530067,9.38638],[79.530121,9.386585],[79.53009,9.385958]]],[[[79.529861,9.38875],[79.530136,9.38875],[79.530136,9.388317],[79.52993,9.388636],[79.529861,9.38875]]],[[[79.529861,9.38875],[79.529709,9.388955],[79.529678,9.389115],[79.529861,9.389021],[79.529861,9.38875]]],[[[79.529305,9.389304],[79.529587,9.389311],[79.529587,9.38916],[79.529305,9.389304],[79.529305,9.389304]]],[[[79.529305,9.389304],[79.528946,9.389603],[79.528648,9.389853],[79.529305,9.38986],[79.529305,9.389304]]],[[[79.528648,9.389853],[79.528358,9.390138],[79.528748,9.390141],[79.528648,9.389853],[79.528648,9.389853]]],[[[79.706802,10.288195],[79.706802,10.287917],[79.707077,10.287922],[79.707077,10.287641],[79.706802,10.288195]]],[[[79.697906,10.290139],[79.697906,10.289861],[79.699043,10.289861],[79.699028,10.289583],[79.697906,10.290139]]],[[[79.695694,10.290971],[79.695694,10.290417],[79.695976,10.29042],[79.695976,10.290139],[79.695694,10.290971]]],[[[79.691246,10.29792],[79.691246,10.29764],[79.691528,10.29764],[79.691528,10.29736],[79.691246,10.29792]]],[[[79.685974,10.298472],[79.685974,10.298196],[79.686249,10.298196],[79.686249,10.29764],[79.685974,10.298472]]],[[[79.622643,10.299862],[79.622643,10.299584],[79.62458,10.299584],[79.62458,10.299306],[79.622643,10.299862]]],[[[79.608192,10.30264],[79.608192,10.30236],[79.608475,10.302362],[79.608475,10.302082],[79.608192,10.30264]]],[[[79.618752,10.308751],[79.618752,10.308473],[79.620415,10.308473],[79.620415,10.308195],[79.618752,10.308751]]],[[[79.624031,10.308751],[79.624031,10.307917],[79.623756,10.307921],[79.623756,10.30708],[79.624031,10.308751]]],[[[79.631531,10.308751],[79.631531,10.308195],[79.631805,10.308195],[79.631805,10.30736],[79.631531,10.308751]]],[[[79.69986,10.309583],[79.69986,10.309305],[79.700417,10.309311],[79.700417,10.309031],[79.69986,10.309583]]],[[[79.677361,10.309861],[79.677361,10.309583],[79.677917,10.309583],[79.677917,10.309305],[79.677361,10.309861]]],[[[79.68985,10.310421],[79.68985,10.31015],[79.690407,10.31015],[79.690407,10.309861],[79.68985,10.310421]]],[[[79.608757,10.311251],[79.608757,10.310971],[79.609306,10.310973],[79.609306,10.310695],[79.608757,10.311251]]],[[[79.695976,10.321252],[79.695976,10.320971],[79.696526,10.320971],[79.696526,10.320696],[79.695976,10.321252]]],[[[79.63208,10.333194],[79.63208,10.332916],[79.632362,10.332921],[79.632362,10.332641],[79.63208,10.333194]]],[[[79.625687,10.343751],[79.625687,10.343471],[79.626808,10.343473],[79.626808,10.343193],[79.625687,10.343751]]],[[[79.839027,11.23653],[79.839027,11.236252],[79.839859,11.236252],[79.839859,11.235971],[79.839027,11.23653]]],[[[79.82708,11.237362],[79.82708,11.237081],[79.828194,11.237084],[79.828194,11.236806],[79.82708,11.237362]]],[[[79.991249,12.251251],[79.991249,12.250971],[79.991531,12.250971],[79.991531,12.250691],[79.991249,12.251251]]],[[[80.322906,13.438471],[80.322906,13.43792],[80.323471,13.43792],[80.323471,13.437639],[80.322906,13.438471]]],[[[80.075821,13.52676],[80.240906,13.470151],[80.312126,13.369381],[80.326248,13.44264],[80.254028,12.779031],[80.155983,12.46681],[80.017082,12.34042],[79.837639,11.94055],[79.7369,11.90717],[79.749649,11.986131],[79.642342,11.975811],[79.724899,11.89151],[79.659073,11.865669],[79.800697,11.80764],[79.75708,11.56375],[79.837906,11.356811],[79.855141,10.977641],[79.731903,10.98704],[79.704231,10.918871],[79.85125,10.813771],[79.882919,10.30236],[79.74292,10.275138],[79.778198,10.30264],[79.62986,10.363195],[79.553192,10.310417],[79.730423,10.274039],[79.526527,10.305416],[79.588753,10.332638],[79.545143,10.34792],[79.294861,10.260695],[79.229027,10.144311],[79.267365,10.037916],[78.981529,9.690421],[78.898178,9.489032],[79.034302,9.318471],[79.190697,9.281809],[78.832642,9.268761],[78.657356,9.157641],[78.365417,9.092082],[78.168747,8.882082],[78.157364,8.771528],[78.230133,8.748751],[78.104858,8.65153],[78.130417,8.497079],[78.066803,8.370416],[77.550972,8.076526],[77.315971,8.120972],[77.090698,8.297361],[77.159653,8.312501],[77.186493,8.493371],[77.26516,8.53745],[77.155319,8.73756],[77.241501,8.864782],[77.132179,9.01185],[77.251778,9.143041],[77.266823,9.29088],[77.396233,9.496542],[77.340897,9.595051],[77.151871,9.60602],[77.261421,9.963721],[77.188141,10.095652],[77.259781,10.119081],[77.280449,10.207252],[77.22216,10.340301],[76.970787,10.208651],[76.819672,10.29524],[76.804993,10.626341],[76.87262,10.629432],[76.897507,10.7708],[76.649162,10.924152],[76.70652,11.031351],[76.792473,11.042373],[76.691177,11.14451],[76.725578,11.208891],[76.452721,11.18021],[76.5382,11.35159],[76.240097,11.459641],[76.225746,11.56444],[76.504211,11.698041],[76.560066,11.610121],[76.83728,11.57448],[76.899689,11.783272],[77.004433,11.80302],[77.109299,11.712801],[77.102829,11.76312],[77.241737,11.80246],[77.41925,11.750671],[77.484398,11.9324],[77.664711,11.9397],[77.767006,12.10914],[77.719513,12.17152],[77.482483,12.19012],[77.463501,12.24404],[77.606339,12.36026],[77.59034,12.657541],[77.731407,12.66398],[77.8256,12.85899],[77.924286,12.87784],[77.910477,12.819711],[77.9814,12.795641],[78.04673,12.84237],[78.22065,12.75259],[78.18985,12.68131],[78.454781,12.61202],[78.484352,12.734781],[78.547676,12.685591],[78.646713,12.91902],[78.613663,12.97889],[78.702446,13.056151],[78.876038,13.08616],[78.924637,13.018641],[78.914383,13.067761],[78.979591,13.07651],[79.152702,13.007293],[79.218323,13.135551],[79.307938,13.096911],[79.42379,13.187461],[79.374603,13.30304],[79.428879,13.323562],[79.580261,13.245371],[79.668533,13.281931],[79.744377,13.194911],[79.784897,13.22348],[79.721291,13.27224],[79.925507,13.33594],[80.036041,13.48448],[79.989677,13.52676],[80.075821,13.52676]]]]}},{"type":"Feature","properties":{"name":"Tripura"},"geometry":{"type":"Polygon","coordinates":[[[92.185196,24.522873],[92.273087,24.388451],[92.212852,24.24931],[92.329453,24.191151],[92.321983,23.86981],[92.224052,23.65732],[92.179451,23.743181],[92.072571,23.64472],[91.962112,23.727701],[91.975166,23.482443],[91.770912,23.26376],[91.835503,23.09391],[91.618713,22.944151],[91.419006,23.280222],[91.421997,23.05925],[91.356285,23.095186],[91.325607,23.36231],[91.166573,23.59874],[91.21006,23.687551],[91.160431,23.739429],[91.224617,23.740101],[91.283676,23.983103],[91.378197,23.976879],[91.375427,24.107531],[91.596199,24.08021],[91.667526,24.2304],[91.7612,24.141582],[91.743469,24.247128],[91.847488,24.228321],[91.902626,24.137838],[91.920433,24.335751],[92.119209,24.38381],[92.185196,24.522873]]]}},{"type":"Feature","properties":{"name":"Uttar Pradesh"},"geometry":{"type":"Polygon","coordinates":[[[77.584679,30.408781],[77.93148,30.24696],[77.786438,30.09997],[77.702019,29.87178],[77.792519,29.681921],[77.951981,29.70537],[77.988022,29.54586],[78.331741,29.796181],[78.412567,29.772421],[78.605247,29.561798],[78.922928,29.456181],[78.71386,29.31735],[78.852623,29.261311],[78.900406,29.15062],[79.130806,29.12936],[79.158279,29.022879],[79.359673,28.97048],[79.411217,28.855881],[79.774467,28.89183],[79.783363,28.80542],[79.85405,28.84429],[79.967827,28.71562],[80.058426,28.83526],[80.119804,28.82873],[80.519341,28.551723],[80.505188,28.665226],[80.570419,28.687803],[80.917389,28.457523],[81.212418,28.360516],[81.319786,28.133419],[81.445709,28.16214],[81.480225,28.082516],[81.886848,27.857159],[82.069717,27.923416],[82.450714,27.678616],[82.709915,27.721699],[82.737007,27.503101],[83.190216,27.454016],[83.319603,27.329988],[83.41169,27.412506],[83.39093,27.47949],[83.616737,27.469423],[83.833221,27.369509],[83.830589,27.32136],[83.916687,27.325331],[83.897957,27.25943],[83.985123,27.181763],[83.939423,27.092993],[84.020721,27.095482],[84.052002,26.891701],[84.241096,26.862431],[84.233986,26.739531],[84.298027,26.753271],[84.414398,26.627171],[84.081779,26.64286],[84.04776,26.543489],[83.902206,26.51808],[83.902283,26.450251],[84.171356,26.37398],[84.159348,26.245901],[84.01152,26.240683],[84.003021,26.17823],[84.166229,25.991501],[84.528641,25.877741],[84.6306,25.72834],[84.488388,25.677851],[84.331291,25.744572],[84.285576,25.66153],[84.094391,25.720381],[84.076508,25.637531],[83.917053,25.558491],[83.838371,25.43689],[83.335861,25.183571],[83.353996,24.870611],[83.541718,24.624559],[83.498169,24.52706],[83.393013,24.50119],[83.451393,24.36475],[83.189568,23.921101],[82.93882,23.87587],[82.663528,24.12393],[82.720367,24.13899],[82.764137,24.292431],[82.707161,24.38518],[82.712532,24.556219],[82.800766,24.552681],[82.762787,24.64567],[82.432312,24.706282],[82.409172,24.59783],[82.29393,24.613741],[82.296417,24.670012],[82.229927,24.66964],[82.24366,24.775751],[82.172882,24.739571],[82.195969,24.82453],[81.959152,24.83061],[81.898468,25.009621],[81.604347,25.060749],[81.618988,25.159651],[81.566399,25.195749],[81.472878,25.137121],[81.483727,25.07494],[81.269119,25.16774],[81.212608,24.934521],[81.16143,24.958511],[81.132446,24.892071],[81.076416,24.952261],[80.8022,24.94446],[80.878036,25.195601],[80.827698,25.11031],[80.699638,25.13715],[80.77594,25.061691],[80.673569,25.054171],[80.594589,25.155241],[80.606781,25.07218],[80.476128,25.102251],[80.494209,25.045321],[80.440712,25.082069],[80.365761,25.05776],[80.382187,25.009741],[80.278496,25.021648],[80.423698,25.174143],[80.255867,25.428711],[79.847137,25.2402],[79.855896,25.098501],[79.565521,25.177551],[79.489876,25.08275],[79.468376,25.134451],[79.399147,25.113461],[79.383873,25.17028],[79.490402,25.27035],[79.352966,25.265381],[79.294731,25.340219],[79.259453,25.271441],[79.340088,25.27276],[79.346962,25.214241],[79.273598,25.248119],[79.303223,25.133329],[79.129173,25.110769],[79.084297,25.19253],[79.021767,25.14319],[79.056442,25.22571],[79.004967,25.27697],[78.995811,25.195938],[78.871841,25.166],[78.875877,25.25577],[78.970047,25.28521],[78.952858,25.349871],[78.876518,25.34446],[78.841751,25.22916],[78.783249,25.297611],[78.874748,25.387659],[78.978508,25.376013],[78.903229,25.446938],[78.93074,25.559721],[78.828323,25.509981],[78.834267,25.432461],[78.73175,25.50065],[78.812912,25.430428],[78.743141,25.412701],[78.764381,25.3584],[78.65789,25.38798],[78.701401,25.42886],[78.652718,25.444],[78.525078,25.30653],[78.427361,25.288671],[78.568581,25.25861],[78.622047,24.964901],[78.78054,24.814972],[78.749466,24.60498],[78.881721,24.6397],[78.966393,24.496948],[78.908592,24.46677],[78.984383,24.44136],[78.966873,24.353661],[78.791687,24.180241],[78.760277,24.25849],[78.669121,24.24502],[78.505371,24.39395],[78.406952,24.27701],[78.342438,24.305382],[78.360947,24.38579],[78.216537,24.531643],[78.268478,24.667101],[78.163803,24.8571],[78.327538,24.999559],[78.327766,25.08877],[78.442917,25.128771],[78.295517,25.3748],[78.420723,25.477619],[78.429337,25.56386],[78.805191,25.624557],[78.746819,25.74909],[78.811249,25.83012],[78.861923,25.799198],[78.846626,25.8605],[79.003151,26.081793],[78.942673,26.139141],[79.126587,26.316031],[79.076759,26.36602],[79.126762,26.444811],[79.048462,26.456051],[78.979622,26.57408],[78.993179,26.68457],[78.937912,26.662691],[78.715347,26.800213],[78.565849,26.75769],[78.351357,26.874371],[78.209793,26.83609],[78.191139,26.888611],[78.262238,26.923512],[78.215897,26.953951],[78.111343,26.953232],[78.022026,26.86087],[78.00666,26.910662],[77.75338,26.937738],[77.428596,26.770111],[77.42247,26.86702],[77.755013,27.02276],[77.514297,27.070421],[77.672997,27.200361],[77.614113,27.34339],[77.431892,27.399158],[77.311211,27.611691],[77.336548,27.69618],[77.27578,27.806549],[77.536133,27.949303],[77.468872,28.086012],[77.541206,28.247742],[77.4673,28.26972],[77.474556,28.413511],[77.295189,28.561201],[77.323486,28.715872],[77.194443,28.802292],[77.214188,29.00596],[77.122047,29.105768],[77.153946,29.33548],[77.085617,29.6008],[77.189133,29.922043],[77.270409,30.04834],[77.414429,30.10713],[77.584679,30.408781]]]}},{"type":"Feature","properties":{"name":"Uttarakhand"},"geometry":{"type":"Polygon","coordinates":[[[79.194778,31.353622],[79.413086,31.037552],[79.501259,31.039141],[79.587242,30.94309],[79.742149,31.00679],[79.854927,30.97891],[80.103149,30.779671],[80.223839,30.764099],[80.215736,30.579041],[80.526489,30.454309],[80.58419,30.487223],[81.019608,30.252953],[80.911919,30.223215],[80.749397,30.00663],[80.605339,29.958717],[80.497215,29.797415],[80.36972,29.750616],[80.409492,29.594919],[80.24482,29.444506],[80.318138,29.315639],[80.299004,29.20503],[80.249916,29.220615],[80.273407,29.142023],[80.146027,29.103001],[79.988258,28.717018],[79.85405,28.84429],[79.783363,28.80542],[79.774467,28.89183],[79.411217,28.855881],[79.359673,28.97048],[79.158279,29.022879],[79.130806,29.12936],[78.900406,29.15062],[78.852623,29.261311],[78.71386,29.31735],[78.922928,29.456181],[78.605247,29.561798],[78.473579,29.74847],[78.331741,29.796181],[77.988022,29.54586],[77.951981,29.70537],[77.792519,29.681921],[77.702019,29.87178],[77.786438,30.09997],[77.93148,30.24696],[77.562881,30.41708],[77.810646,30.53318],[77.729523,30.598383],[77.779053,30.663771],[77.688286,30.768669],[77.744522,30.881191],[77.789368,30.858549],[77.734573,30.95957],[77.817146,30.953569],[77.800606,31.06208],[77.887489,31.154701],[78.356323,31.290871],[78.470108,31.203751],[78.795036,31.20504],[78.942116,31.105028],[78.996696,31.11759],[78.909912,31.233889],[78.923103,31.32539],[79.045197,31.468121],[79.194778,31.353622]]]}},{"type":"Feature","properties":{"name":"West Bengal"},"geometry":{"type":"MultiPolygon","coordinates":[[[[88.018608,21.572779],[88.01889,21.5725],[88.019447,21.5725],[88.019722,21.572208],[88.018608,21.572779]]],[[[88.497711,21.599754],[88.498299,21.599428],[88.498886,21.599167],[88.498886,21.598612],[88.497711,21.599754]]],[[[88.17778,21.60111],[88.17778,21.60083],[88.178055,21.600834],[88.178337,21.600555],[88.17778,21.60111]]],[[[88.834724,21.607222],[88.834999,21.606947],[88.835281,21.606951],[88.83638,21.605831],[88.834724,21.607222]]],[[[88.728851,21.637081],[88.728867,21.636591],[88.728897,21.636129],[88.728951,21.635727],[88.728851,21.637081]]],[[[88.537216,21.63862],[88.587502,21.601942],[88.550003,21.56361],[88.537216,21.63862]]],[[[88.892357,21.65209],[88.892616,21.651672],[88.892906,21.651388],[88.893753,21.650558],[88.892357,21.65209]]],[[[88.771942,21.653063],[88.798058,21.591665],[88.751945,21.576666],[88.771942,21.653063]]],[[[88.965767,21.641535],[88.96608,21.641298],[88.966377,21.641029],[88.966759,21.640833],[88.965767,21.641535]]],[[[88.634445,21.656666],[88.634163,21.656389],[88.633888,21.656391],[88.633812,21.656313],[88.634445,21.656666]]],[[[88.576881,21.691734],[88.577019,21.691372],[88.577179,21.691111],[88.577293,21.690811],[88.576881,21.691734]]],[[[88.591942,21.694166],[88.593063,21.693062],[88.59333,21.693062],[88.593887,21.692499],[88.591942,21.694166]]],[[[88.984489,21.705688],[89.028763,21.604822],[88.96402,21.645741],[88.984489,21.705688]]],[[[88.806656,21.706673],[88.796944,21.655277],[88.730553,21.684721],[88.806656,21.706673]]],[[[88.311081,21.70635],[88.35807,21.647501],[88.315277,21.608055],[88.311081,21.70635]]],[[[88.454033,21.709341],[88.454445,21.709167],[88.455002,21.708611],[88.455002,21.70833],[88.454033,21.709341]]],[[[88.697121,21.712879],[88.697342,21.712641],[88.697502,21.71228],[88.69767,21.711922],[88.697121,21.712879]]],[[[88.204506,21.721182],[88.204659,21.72064],[88.205048,21.719707],[88.205833,21.718889],[88.204506,21.721182]]],[[[89.059204,21.721804],[89.095039,21.643961],[89.05159,21.617531],[89.009796,21.70487],[89.059204,21.721804]]],[[[88.977997,21.726875],[88.978607,21.72665],[88.979141,21.726391],[88.97966,21.726179],[88.977997,21.726875]]],[[[88.54567,21.73613],[88.590698,21.690628],[88.543015,21.723913],[88.550919,21.63649],[88.54567,21.73613]]],[[[88.195602,21.72448],[88.195,21.724171],[88.194733,21.724451],[88.194733,21.725561],[88.195602,21.72448]]],[[[88.883057,21.745279],[88.882767,21.745001],[88.883606,21.745001],[88.883888,21.74472],[88.883057,21.745279]]],[[[88.412338,21.73126],[88.398613,21.595556],[88.368637,21.727341],[88.412338,21.73126]]],[[[88.220909,21.76215],[88.31028,21.67639],[88.291664,21.563053],[88.216393,21.616388],[88.220909,21.76215]]],[[[88.927101,21.76195],[88.927612,21.761944],[88.928162,21.76195],[88.928749,21.76195],[88.927101,21.76195]]],[[[88.365387,21.764166],[88.365936,21.764151],[88.366455,21.764072],[88.366882,21.763924],[88.365387,21.764166]]],[[[89.005119,21.764977],[89.005676,21.764891],[89.006104,21.764933],[89.006577,21.764874],[89.005119,21.764977]]],[[[88.831673,21.766109],[88.845833,21.620001],[88.815002,21.710001],[88.762512,21.70137],[88.831673,21.766109]]],[[[88.384903,21.764441],[88.385452,21.76416],[88.385994,21.763861],[88.386436,21.76347],[88.384903,21.764441]]],[[[88.200546,21.768608],[88.200554,21.768057],[88.200836,21.767778],[88.200836,21.7675],[88.200546,21.768608]]],[[[88.282791,21.765011],[88.282501,21.765011],[88.282501,21.765278],[88.280563,21.76722],[88.282791,21.765011]]],[[[88.582222,21.777781],[88.582497,21.7775],[88.583046,21.7775],[88.583336,21.77722],[88.582222,21.777781]]],[[[88.30249,21.724562],[88.302292,21.724091],[88.302162,21.723577],[88.301949,21.72315],[88.30249,21.724562]]],[[[88.50528,21.78299],[88.503891,21.781389],[88.503777,21.781391],[88.503654,21.781303],[88.50528,21.78299]]],[[[88.999672,21.785469],[89.00428,21.716072],[88.951111,21.757778],[88.999672,21.785469]]],[[[88.609726,21.790279],[88.610001,21.790001],[88.611656,21.790001],[88.611946,21.789721],[88.609726,21.790279]]],[[[88.273964,21.790791],[88.274643,21.79064],[88.275368,21.790745],[88.276093,21.790609],[88.273964,21.790791]]],[[[88.183334,21.7875],[88.18222,21.786388],[88.181946,21.78639],[88.181763,21.786203],[88.183334,21.7875]]],[[[88.458611,21.788651],[88.459106,21.788649],[88.459526,21.78879],[88.459953,21.788931],[88.458611,21.788651]]],[[[88.716202,21.807381],[88.776657,21.721109],[88.748047,21.658331],[88.716202,21.807381]]],[[[88.171112,21.808611],[88.172226,21.807501],[88.172226,21.80722],[88.172501,21.806946],[88.171112,21.808611]]],[[[88.544571,21.81032],[88.572502,21.735556],[88.519447,21.719166],[88.544571,21.81032]]],[[[88.421806,21.81109],[88.422363,21.811079],[88.422905,21.811083],[88.42347,21.811083],[88.421806,21.81109]]],[[[88.999573,21.81167],[88.999725,21.810833],[88.999733,21.81139],[89.0,21.81167],[88.999573,21.81167]]],[[[88.750633,21.795401],[88.750763,21.79471],[88.750816,21.793991],[88.750854,21.793339],[88.750633,21.795401]]],[[[88.828079,21.804029],[88.827576,21.803448],[88.827049,21.802961],[88.827011,21.802679],[88.828079,21.804029]]],[[[88.787498,21.745001],[88.786942,21.744438],[88.786667,21.744444],[88.78611,21.743891],[88.787498,21.745001]]],[[[88.915833,21.825834],[88.916389,21.825277],[88.916656,21.825293],[88.917503,21.824438],[88.915833,21.825834]]],[[[88.181946,21.825829],[88.182503,21.825277],[88.182503,21.823891],[88.182777,21.82361],[88.181946,21.825829]]],[[[88.559448,21.829721],[88.559723,21.829445],[88.559998,21.829445],[88.56028,21.829166],[88.559448,21.829721]]],[[[88.484879,21.83469],[88.485435,21.834595],[88.485977,21.834608],[88.486519,21.83474],[88.484879,21.83469]]],[[[88.941391,21.847221],[88.976669,21.820557],[88.914169,21.75556],[88.941391,21.847221]]],[[[88.592216,21.85],[88.592499,21.849718],[88.593056,21.849722],[88.59333,21.849445],[88.592216,21.85]]],[[[88.519958,21.854637],[88.520546,21.85417],[88.520836,21.85417],[88.521393,21.853613],[88.519958,21.854637]]],[[[88.538002,21.853582],[88.53714,21.853247],[88.536568,21.853251],[88.536491,21.853718],[88.538002,21.853582]]],[[[88.331131,21.860687],[88.379967,21.78727],[88.317101,21.70891],[88.259773,21.804207],[88.331131,21.860687]]],[[[88.85611,21.86528],[88.91333,21.727779],[88.834999,21.781668],[88.85611,21.86528]]],[[[88.582748,21.865549],[88.582489,21.865499],[88.58223,21.865519],[88.581917,21.865591],[88.582748,21.865549]]],[[[88.136948,21.875],[88.170662,21.742401],[88.109169,21.625834],[88.036667,21.675001],[88.136948,21.875]]],[[[88.789169,21.878611],[88.789436,21.878328],[88.790276,21.878334],[88.790558,21.878056],[88.789169,21.878611]]],[[[88.979057,21.89349],[89.029991,21.83453],[88.970497,21.775091],[88.979057,21.89349]]],[[[88.621666,21.897779],[88.621948,21.897511],[88.622223,21.897511],[88.622498,21.897221],[88.621666,21.897779]]],[[[88.137306,21.89514],[88.136597,21.8944],[88.136017,21.89447],[88.135948,21.895342],[88.137306,21.89514]]],[[[88.816948,21.901112],[88.817223,21.900833],[88.81778,21.900833],[88.818054,21.900555],[88.816948,21.901112]]],[[[88.56234,21.897461],[88.562943,21.897409],[88.563499,21.897505],[88.564026,21.89764],[88.56234,21.897461]]],[[[88.425461,21.904091],[88.425468,21.903801],[88.425125,21.903603],[88.425003,21.903608],[88.425461,21.904091]]],[[[88.44648,21.904921],[88.461456,21.78981],[88.392517,21.832602],[88.44648,21.904921]]],[[[88.718056,21.907223],[88.780563,21.85944],[88.757767,21.781111],[88.696663,21.838055],[88.718056,21.907223]]],[[[88.106949,21.8936],[88.107224,21.893333],[88.108055,21.893333],[88.108612,21.892778],[88.106949,21.8936]]],[[[88.504723,21.912781],[88.504997,21.91251],[88.507767,21.91251],[88.508057,21.91222],[88.504723,21.912781]]],[[[88.452454,21.906338],[88.451973,21.90608],[88.451736,21.905947],[88.450943,21.90613],[88.452454,21.906338]]],[[[88.639999,21.92168],[88.640266,21.921391],[88.640839,21.921391],[88.641113,21.92111],[88.639999,21.92168]]],[[[88.134789,21.926744],[88.13504,21.92642],[88.135315,21.926058],[88.135536,21.925621],[88.134789,21.926744]]],[[[88.836555,21.917892],[88.976669,21.8675],[88.906937,21.878889],[88.888046,21.812222],[88.836555,21.917892]]],[[[88.72361,21.931944],[88.724167,21.931391],[88.724442,21.931391],[88.724442,21.93111],[88.72361,21.931944]]],[[[88.16333,21.937222],[88.163612,21.936943],[88.164146,21.936951],[88.164436,21.93668],[88.16333,21.937222]]],[[[88.745392,21.979738],[88.799393,21.925928],[88.73333,21.924721],[88.745392,21.979738]]],[[[88.759163,21.998608],[88.759163,21.997223],[88.758888,21.996946],[88.758888,21.99667],[88.759163,21.998608]]],[[[88.659973,22.019213],[88.715782,22.000641],[88.678154,21.942867],[88.628647,21.958031],[88.659973,22.019213]]],[[[88.141388,22.02639],[88.142502,22.025278],[88.142776,22.025278],[88.143326,22.024719],[88.141388,22.02639]]],[[[88.812767,22.019442],[88.902496,22.011669],[88.907272,21.929537],[88.752502,21.956112],[88.812767,22.019442]]],[[[88.731438,22.045246],[88.732849,22.0436],[88.733391,22.0436],[88.733421,22.043098],[88.731438,22.045246]]],[[[88.763809,22.05167],[88.76432,22.051661],[88.764801,22.05167],[88.765297,22.05167],[88.763809,22.05167]]],[[[88.902786,22.045334],[88.902512,22.044739],[88.902298,22.044142],[88.902138,22.043545],[88.902786,22.045334]]],[[[88.031387,22.06056],[88.031387,22.059441],[88.031113,22.059164],[88.03083,22.05917],[88.031387,22.06056]]],[[[89.016197,22.05092],[89.059761,21.931971],[88.99955,21.949484],[89.032501,22.002083],[88.974472,21.993643],[89.016197,22.05092]]],[[[88.635826,22.050819],[88.636108,22.050556],[88.636108,22.05028],[88.636391,22.050001],[88.635826,22.050819]]],[[[88.811859,22.060755],[88.812302,22.060652],[88.812767,22.06077],[88.813225,22.060793],[88.811859,22.060755]]],[[[88.87056,22.078939],[88.870552,22.078302],[88.870499,22.077709],[88.870323,22.077223],[88.87056,22.078939]]],[[[88.690056,22.079985],[88.689857,22.079981],[88.689507,22.080313],[88.689476,22.08079],[88.690056,22.079985]]],[[[88.904083,22.084208],[88.903671,22.08383],[88.903282,22.083441],[88.90287,22.083132],[88.904083,22.084208]]],[[[88.722305,22.099134],[88.72229,22.098574],[88.721443,22.09778],[88.720909,22.097742],[88.722305,22.099134]]],[[[88.803467,22.085274],[88.803757,22.084871],[88.804085,22.084524],[88.804428,22.084196],[88.803467,22.085274]]],[[[88.817902,22.12303],[88.818199,22.122934],[88.818466,22.122942],[88.818787,22.123039],[88.817902,22.12303]]],[[[88.729279,22.113621],[88.728943,22.113218],[88.7285,22.113241],[88.728073,22.11327],[88.729279,22.113621]]],[[[88.865143,22.16699],[88.915749,22.0903],[88.830696,22.127081],[88.865143,22.16699]]],[[[88.949966,22.189192],[88.984917,22.127123],[88.923943,22.024202],[88.963951,22.056581],[89.012573,21.901995],[88.91272,21.99436],[88.940346,22.127977],[88.893936,22.169699],[88.949966,22.189192]]],[[[89.00193,22.199171],[89.050476,22.130632],[88.977913,22.039923],[89.00193,22.199171]]],[[[88.69519,22.208612],[88.789169,22.169449],[88.683052,22.080832],[88.721046,22.005301],[88.634186,22.106211],[88.69519,22.208612]]],[[[88.844749,22.189192],[88.855888,22.144453],[88.70472,22.065001],[88.844749,22.189192]]],[[[87.989723,22.217501],[87.99028,22.216942],[87.990555,22.216944],[87.990837,22.216667],[87.989723,22.217501]]],[[[88.932373,22.225],[88.933052,22.224806],[88.933777,22.224913],[88.934479,22.22476],[88.932373,22.225]]],[[[88.812599,22.283392],[88.834053,22.166853],[88.747246,22.198629],[88.812599,22.283392]]],[[[88.849861,22.362917],[88.936928,22.299112],[88.913872,22.219904],[88.84333,22.289721],[88.91861,22.16535],[88.841011,22.214264],[88.875839,22.252804],[88.881081,22.200165],[88.80056,22.225842],[88.849861,22.362917]]],[[[88.984756,22.382433],[89.09626,22.155012],[89.062187,22.128429],[88.94722,22.25556],[88.984756,22.382433]]],[[[87.938057,22.396669],[87.937767,22.396669],[87.9375,22.39695],[87.9375,22.397499],[87.938057,22.396669]]],[[[88.861946,22.398888],[88.863052,22.397779],[88.863327,22.398062],[88.863617,22.398062],[88.861946,22.398888]]],[[[88.867775,22.410833],[88.868057,22.410555],[88.868889,22.410555],[88.869446,22.410002],[88.867775,22.410833]]],[[[88.9189,22.426533],[88.918892,22.42528],[88.91861,22.425001],[88.91861,22.424723],[88.9189,22.426533]]],[[[87.925682,22.424829],[87.925392,22.424694],[87.923958,22.425619],[87.922661,22.426571],[87.925682,22.424829]]],[[[87.911942,22.43222],[87.911942,22.431944],[87.912781,22.43111],[87.913063,22.431391],[87.911942,22.43222]]],[[[88.859169,22.469444],[88.859169,22.466669],[88.858887,22.466391],[88.858887,22.46361],[88.859169,22.469444]]],[[[88.781387,22.500563],[88.781937,22.500002],[88.782776,22.500002],[88.783058,22.50028],[88.781387,22.500563]]],[[[88.897697,22.548861],[88.898056,22.366667],[88.843613,22.5068],[88.897697,22.548861]]],[[[88.934196,22.564032],[88.934837,22.563889],[88.935539,22.5637],[88.935966,22.563433],[88.934196,22.564032]]],[[[88.920166,22.565306],[88.998611,22.430292],[88.957779,22.364721],[88.939445,22.41901],[88.941948,22.309881],[88.920166,22.565306]]],[[[88.93605,22.621571],[88.936508,22.619137],[88.935356,22.619822],[88.93486,22.620691],[88.93605,22.621571]]],[[[88.675972,24.3155],[88.67482,24.314569],[88.675102,24.315378],[88.675972,24.3155],[88.675972,24.3155]]],[[[88.126907,27.123081],[88.431946,27.08161],[88.591476,27.19446],[88.800049,27.13682],[88.869919,27.108721],[88.874985,26.951546],[88.919006,26.996201],[88.962379,26.924131],[89.024918,26.940271],[89.131073,26.808069],[89.377167,26.866291],[89.644737,26.780945],[89.632179,26.71925],[89.856941,26.703781],[89.869499,26.44842],[89.715683,26.301981],[89.733757,26.17337],[89.637581,26.227678],[89.596657,26.100891],[89.652351,26.062231],[89.554497,25.964621],[89.167236,26.133841],[89.093536,26.399233],[88.96434,26.463133],[88.919891,26.36994],[89.069702,26.255333],[88.888351,26.291571],[88.846786,26.23427],[88.620697,26.471069],[88.43541,26.54682],[88.415352,26.634123],[88.377541,26.59351],[88.334366,26.47868],[88.483246,26.461109],[88.524826,26.359838],[88.457893,26.373751],[88.352516,26.21999],[88.180443,26.145693],[88.187111,26.024061],[88.086761,25.9125],[88.117142,25.796659],[88.269928,25.80814],[88.542923,25.50662],[88.698883,25.469971],[88.810387,25.519751],[88.843658,25.36241],[89.011253,25.292381],[88.923027,25.16713],[88.445847,25.196289],[88.401497,24.94569],[88.32515,24.865891],[88.227966,24.959431],[88.139687,24.936129],[88.175606,24.860983],[88.010567,24.66666],[88.333008,24.38319],[88.734688,24.27524],[88.694687,24.1134],[88.770988,23.984781],[88.575981,23.859751],[88.561676,23.642071],[88.74292,23.48078],[88.798508,23.49489],[88.72036,23.252663],[88.994698,23.21236],[88.846733,23.002432],[88.967216,22.843613],[88.919189,22.761711],[88.959442,22.68889],[88.864853,22.664869],[88.809052,22.711668],[88.848228,22.75099],[88.805771,22.7332],[88.95771,22.610781],[88.842812,22.507874],[88.852448,22.432833],[88.766388,22.560835],[88.768883,22.513592],[88.690666,22.524412],[88.677406,22.593498],[88.876289,22.35531],[88.818886,22.363611],[88.733612,22.195555],[88.63504,22.2164],[88.666122,22.339041],[88.619286,22.108841],[88.572746,22.1891],[88.636658,22.04529],[88.596039,22.065594],[88.606667,21.913057],[88.546249,21.97349],[88.570541,21.903608],[88.494263,21.879091],[88.554619,22.035709],[88.473557,21.895342],[88.460892,22.01158],[88.409195,21.885559],[88.375816,21.969721],[88.390671,21.798981],[88.356453,21.924311],[88.35318,21.856924],[88.266388,21.883612],[88.313828,21.846607],[88.281937,21.761101],[88.251663,21.801943],[88.272003,21.73048],[88.16333,21.879444],[88.203056,22.166941],[88.069725,22.211945],[88.105003,22.304699],[88.049156,22.220001],[87.984863,22.245701],[87.883766,22.441589],[87.940002,22.260279],[88.135559,22.184723],[88.188889,22.099167],[88.062233,22.01306],[87.963356,22.103477],[88.053055,22.010279],[87.929169,21.800556],[87.789719,21.695],[87.482033,21.608704],[87.443672,21.760889],[87.262421,21.81386],[87.234848,21.95438],[87.167442,21.97341],[87.094643,21.86034],[87.030243,21.865311],[87.017616,22.041281],[86.715446,22.143492],[86.722786,22.215248],[86.88623,22.294121],[86.76226,22.425232],[86.759941,22.57243],[86.651703,22.57579],[86.617867,22.673389],[86.416153,22.776508],[86.432823,22.923403],[86.540283,22.98723],[86.206429,22.99407],[86.036926,23.14361],[85.914993,23.12953],[85.826363,23.263121],[85.895691,23.37059],[85.866028,23.47023],[86.047226,23.493643],[86.037376,23.58346],[86.144768,23.567772],[86.145531,23.47307],[86.300003,23.420061],[86.43988,23.62961],[86.792038,23.68737],[86.792839,23.831381],[86.882263,23.81448],[86.895012,23.879951],[87.124161,23.795038],[87.130928,23.866961],[87.242729,23.82616],[87.248222,23.907011],[87.294548,23.898571],[87.237976,24.04122],[87.45797,23.981421],[87.493599,24.11521],[87.576157,24.08526],[87.569382,24.155651],[87.692482,24.15447],[87.635712,24.242531],[87.81002,24.40662],[87.769409,24.58176],[87.909973,24.593868],[87.900833,24.7216],[87.818062,24.765982],[87.973343,24.896482],[87.772667,25.099098],[87.856522,25.277773],[87.75975,25.410089],[87.92411,25.535648],[88.072853,25.503901],[88.021027,25.586922],[88.04863,25.690571],[87.898468,25.76976],[87.910912,25.851749],[87.803581,25.920721],[87.842117,26.044481],[87.968132,26.081362],[87.964058,26.151979],[88.291916,26.35391],[88.179039,26.49058],[88.231201,26.551983],[88.105049,26.535849],[88.176086,26.865206],[87.990051,27.118973],[88.032928,27.221031],[88.126907,27.123081]]]]}}]}